id,password,last_login,is_superuser,username,first_name,last_name,email,is_staff,is_active,date_joined
2,pbkdf2_sha256$260000$Md0idE4l9ivqt3zNlWyPZZ$ES/VpvKqx/S6As9wNHC4UvUgaAo6TQNh5e4jvMVG86g=,NULL,0,louisa,Louisa,Hailam,loiusa_h@gmail.com,0,1,48:26.0
366,pbkdf2_sha256$260000$Md0idE4l9ivqt3zNlWyPZZ$ES/VpvKqx/S6As9wNHC4UvUgaAo6TQNh5e4jvMVG86g=,NULL,0,adam_bayer,Adam,Bayer,adam.bayer@gmail.com,0,1,48:26.0
219,pbkdf2_sha256$260000$Md0idE4l9ivqt3zNlWyPZZ$ES/VpvKqx/S6As9wNHC4UvUgaAo6TQNh5e4jvMVG86g=,NULL,0,albert_meyers,Albert,Meyers,albert.meyers@gmail.com,0,1,48:26.0
70,pbkdf2_sha256$260000$Md0idE4l9ivqt3zNlWyPZZ$ES/VpvKqx/S6As9wNHC4UvUgaAo6TQNh5e4jvMVG86g=,NULL,0,alewis,Lewis,Kelly,alewis@gmail.com,0,1,48:26.0
312,pbkdf2_sha256$260000$Md0idE4l9ivqt3zNlWyPZZ$ES/VpvKqx/S6As9wNHC4UvUgaAo6TQNh5e4jvMVG86g=,NULL,0,alex_villarreal,Alex,Villarreal,alex.villarreal@gmail.com,0,1,48:26.0
387,pbkdf2_sha256$260000$Md0idE4l9ivqt3zNlWyPZZ$ES/VpvKqx/S6As9wNHC4UvUgaAo6TQNh5e4jvMVG86g=,NULL,0,anand_ramakotti,Anand,Ramakotti,anand.ramakotti@gmail.com,0,1,48:26.0
388,pbkdf2_sha256$260000$Md0idE4l9ivqt3zNlWyPZZ$ES/VpvKqx/S6As9wNHC4UvUgaAo6TQNh5e4jvMVG86g=,NULL,0,andrea_dahlke,Andrea,Dahlke,andrea.dahlke@gmail.com,0,1,48:26.0
220,pbkdf2_sha256$260000$Md0idE4l9ivqt3zNlWyPZZ$ES/VpvKqx/S6As9wNHC4UvUgaAo6TQNh5e4jvMVG86g=,NULL,0,andrea_ring,Andrea,Ring,andrea.ring@gmail.com,0,1,48:26.0
222,pbkdf2_sha256$260000$Md0idE4l9ivqt3zNlWyPZZ$ES/VpvKqx/S6As9wNHC4UvUgaAo6TQNh5e4jvMVG86g=,NULL,0,andy_zipper,Andy,Zipper,andy.zipper@gmail.com,0,1,48:26.0
104,pbkdf2_sha256$260000$Md0idE4l9ivqt3zNlWyPZZ$ES/VpvKqx/S6As9wNHC4UvUgaAo6TQNh5e4jvMVG86g=,NULL,0,arianasim,Ariana,Simmons,arianasimmons@gmail.com,0,1,48:26.0
389,pbkdf2_sha256$260000$Md0idE4l9ivqt3zNlWyPZZ$ES/VpvKqx/S6As9wNHC4UvUgaAo6TQNh5e4jvMVG86g=,NULL,0,arun_balasundaram,Arun,Balasundaram,arun.balasundaram@gmail.com,0,1,48:26.0
154,pbkdf2_sha256$260000$Md0idE4l9ivqt3zNlWyPZZ$ES/VpvKqx/S6As9wNHC4UvUgaAo6TQNh5e4jvMVG86g=,NULL,0,azipper,Azipper,Hunter,azipper@gmail.com,0,1,48:26.0
377,pbkdf2_sha256$260000$Md0idE4l9ivqt3zNlWyPZZ$ES/VpvKqx/S6As9wNHC4UvUgaAo6TQNh5e4jvMVG86g=,NULL,0,bambi_heckerman,Bambi,Heckerman,bambi.heckerman@gmail.com,0,1,48:26.0
223,pbkdf2_sha256$260000$Md0idE4l9ivqt3zNlWyPZZ$ES/VpvKqx/S6As9wNHC4UvUgaAo6TQNh5e4jvMVG86g=,NULL,0,barry_tycholiz,Barry,Tycholiz,barry.tycholiz@gmail.com,0,1,48:26.0
224,pbkdf2_sha256$260000$Md0idE4l9ivqt3zNlWyPZZ$ES/VpvKqx/S6As9wNHC4UvUgaAo6TQNh5e4jvMVG86g=,NULL,0,benjamin_rogers,Benjamin,Rogers,benjamin.rogers@gmail.com,0,1,48:26.0
328,pbkdf2_sha256$260000$Md0idE4l9ivqt3zNlWyPZZ$ES/VpvKqx/S6As9wNHC4UvUgaAo6TQNh5e4jvMVG86g=,NULL,0,bill_greenizan,Bill,Greenizan,bill.greenizan@gmail.com,0,1,48:26.0
225,pbkdf2_sha256$260000$Md0idE4l9ivqt3zNlWyPZZ$ES/VpvKqx/S6As9wNHC4UvUgaAo6TQNh5e4jvMVG86g=,NULL,0,bill_rapp,Bill,Rapp,bill.rapp@gmail.com,0,1,48:26.0
226,pbkdf2_sha256$260000$Md0idE4l9ivqt3zNlWyPZZ$ES/VpvKqx/S6As9wNHC4UvUgaAo6TQNh5e4jvMVG86g=,NULL,0,bill_williams,Bill,Williams,bill.williams@gmail.com,0,1,48:26.0
83,pbkdf2_sha256$260000$Md0idE4l9ivqt3zNlWyPZZ$ES/VpvKqx/S6As9wNHC4UvUgaAo6TQNh5e4jvMVG86g=,NULL,0,bmckay,Mckay,Cruz,bmckay@gmail.com,0,1,48:26.0
87,pbkdf2_sha256$260000$Md0idE4l9ivqt3zNlWyPZZ$ES/VpvKqx/S6As9wNHC4UvUgaAo6TQNh5e4jvMVG86g=,NULL,0,bmeyers,Meyers,Long,bmeyers@gmail.com,0,1,48:26.0
337,pbkdf2_sha256$260000$Md0idE4l9ivqt3zNlWyPZZ$ES/VpvKqx/S6As9wNHC4UvUgaAo6TQNh5e4jvMVG86g=,NULL,0,bob_crane,Bob,Crane,bob.crane@gmail.com,0,1,48:26.0
227,pbkdf2_sha256$260000$Md0idE4l9ivqt3zNlWyPZZ$ES/VpvKqx/S6As9wNHC4UvUgaAo6TQNh5e4jvMVG86g=,NULL,0,brad_mckay,Brad,Mckay,brad.mckay@gmail.com,0,1,48:26.0
101,pbkdf2_sha256$260000$Md0idE4l9ivqt3zNlWyPZZ$ES/VpvKqx/S6As9wNHC4UvUgaAo6TQNh5e4jvMVG86g=,NULL,0,brapp,Rapp,Fisher,brapp@gmail.com,0,1,48:26.0
329,pbkdf2_sha256$260000$Md0idE4l9ivqt3zNlWyPZZ$ES/VpvKqx/S6As9wNHC4UvUgaAo6TQNh5e4jvMVG86g=,NULL,0,brent_hendry,Brent,Hendry,brent.hendry@gmail.com,0,1,48:26.0
107,pbkdf2_sha256$260000$Md0idE4l9ivqt3zNlWyPZZ$ES/VpvKqx/S6As9wNHC4UvUgaAo6TQNh5e4jvMVG86g=,NULL,0,brogers,Brogers,Reynolds,brogers@gmail.com,0,1,48:26.0
318,pbkdf2_sha256$260000$Md0idE4l9ivqt3zNlWyPZZ$ES/VpvKqx/S6As9wNHC4UvUgaAo6TQNh5e4jvMVG86g=,NULL,0,bryce_baxter,Bryce,Baxter,bryce.baxter@gmail.com,0,1,48:26.0
143,pbkdf2_sha256$260000$Md0idE4l9ivqt3zNlWyPZZ$ES/VpvKqx/S6As9wNHC4UvUgaAo6TQNh5e4jvMVG86g=,NULL,0,btychol,Btychol,Henry,btychol@gmail.com,0,1,48:26.0
151,pbkdf2_sha256$260000$Md0idE4l9ivqt3zNlWyPZZ$ES/VpvKqx/S6As9wNHC4UvUgaAo6TQNh5e4jvMVG86g=,NULL,0,bwillia5,Bwillia5,Shaw,bwillia5@gmail.com,0,1,48:26.0
253,pbkdf2_sha256$260000$Md0idE4l9ivqt3zNlWyPZZ$ES/VpvKqx/S6As9wNHC4UvUgaAo6TQNh5e4jvMVG86g=,NULL,0,c_.giron,Giron,Weber,c..giron@gmail.com,0,1,48:26.0
319,pbkdf2_sha256$260000$Md0idE4l9ivqt3zNlWyPZZ$ES/VpvKqx/S6As9wNHC4UvUgaAo6TQNh5e4jvMVG86g=,NULL,0,c_.gossett,C,.Gossett,c..gossett@gmail.com,0,1,48:26.0
228,pbkdf2_sha256$260000$Md0idE4l9ivqt3zNlWyPZZ$ES/VpvKqx/S6As9wNHC4UvUgaAo6TQNh5e4jvMVG86g=,NULL,0,cara_semperger,Cara,Semperger,cara.semperger@gmail.com,0,1,48:26.0
338,pbkdf2_sha256$260000$Md0idE4l9ivqt3zNlWyPZZ$ES/VpvKqx/S6As9wNHC4UvUgaAo6TQNh5e4jvMVG86g=,NULL,0,carlos_braune,Carlos,Braune,carlos.braune@gmail.com,0,1,48:26.0
229,pbkdf2_sha256$260000$Md0idE4l9ivqt3zNlWyPZZ$ES/VpvKqx/S6As9wNHC4UvUgaAo6TQNh5e4jvMVG86g=,NULL,0,carol_clair,Carol,Clair,carol.clair@gmail.com,0,1,48:26.0
23,pbkdf2_sha256$260000$Md0idE4l9ivqt3zNlWyPZZ$ES/VpvKqx/S6As9wNHC4UvUgaAo6TQNh5e4jvMVG86g=,NULL,0,cdean,Dean,Lee,cdean@gmail.com,0,1,48:26.0
30,pbkdf2_sha256$260000$Md0idE4l9ivqt3zNlWyPZZ$ES/VpvKqx/S6As9wNHC4UvUgaAo6TQNh5e4jvMVG86g=,NULL,0,cdorlan,Dorlan,Perez,cdorlan@gmail.com,0,1,48:26.0
339,pbkdf2_sha256$260000$Md0idE4l9ivqt3zNlWyPZZ$ES/VpvKqx/S6As9wNHC4UvUgaAo6TQNh5e4jvMVG86g=,NULL,0,cecil_stapley,Cecil,Stapley,cecil.stapley@gmail.com,0,1,48:26.0
330,pbkdf2_sha256$260000$Md0idE4l9ivqt3zNlWyPZZ$ES/VpvKqx/S6As9wNHC4UvUgaAo6TQNh5e4jvMVG86g=,NULL,0,celeste_cisneros,Celeste,Cisneros,celeste.cisneros@gmail.com,0,1,48:26.0
39,pbkdf2_sha256$260000$Md0idE4l9ivqt3zNlWyPZZ$ES/VpvKqx/S6As9wNHC4UvUgaAo6TQNh5e4jvMVG86g=,NULL,0,cgerman,German,Baker,cgerman@gmail.com,0,1,48:26.0
230,pbkdf2_sha256$260000$Md0idE4l9ivqt3zNlWyPZZ$ES/VpvKqx/S6As9wNHC4UvUgaAo6TQNh5e4jvMVG86g=,NULL,0,charles_weldon,Charles,Weldon,charles.weldon@gmail.com,0,1,48:26.0
232,pbkdf2_sha256$260000$Md0idE4l9ivqt3zNlWyPZZ$ES/VpvKqx/S6As9wNHC4UvUgaAo6TQNh5e4jvMVG86g=,NULL,0,chris_dorland,Chris,Dorland,chris.dorland@gmail.com,0,1,48:26.0
367,pbkdf2_sha256$260000$Md0idE4l9ivqt3zNlWyPZZ$ES/VpvKqx/S6As9wNHC4UvUgaAo6TQNh5e4jvMVG86g=,NULL,0,chris_gaskill,Chris,Gaskill,chris.gaskill@gmail.com,0,1,48:26.0
231,pbkdf2_sha256$260000$Md0idE4l9ivqt3zNlWyPZZ$ES/VpvKqx/S6As9wNHC4UvUgaAo6TQNh5e4jvMVG86g=,NULL,0,chris_germany,Chris,Germany,chris.germany@gmail.com,0,1,48:26.0
281,pbkdf2_sha256$260000$Md0idE4l9ivqt3zNlWyPZZ$ES/VpvKqx/S6As9wNHC4UvUgaAo6TQNh5e4jvMVG86g=,NULL,0,chris_stokley,Chris,Stokley,chris.stokley@gmail.com,0,1,48:26.0
378,pbkdf2_sha256$260000$Md0idE4l9ivqt3zNlWyPZZ$ES/VpvKqx/S6As9wNHC4UvUgaAo6TQNh5e4jvMVG86g=,NULL,0,colin_strom,Colin,Strom,colin.strom@gmail.com,0,1,48:26.0
282,pbkdf2_sha256$260000$Md0idE4l9ivqt3zNlWyPZZ$ES/VpvKqx/S6As9wNHC4UvUgaAo6TQNh5e4jvMVG86g=,NULL,0,cooper_richey,Cooper,Richey,cooper.richey@gmail.com,0,1,48:26.0
390,pbkdf2_sha256$260000$Md0idE4l9ivqt3zNlWyPZZ$ES/VpvKqx/S6As9wNHC4UvUgaAo6TQNh5e4jvMVG86g=,NULL,0,corry_bentley,Corry,Bentley,corry.bentley@gmail.com,0,1,48:26.0
283,pbkdf2_sha256$260000$Md0idE4l9ivqt3zNlWyPZZ$ES/VpvKqx/S6As9wNHC4UvUgaAo6TQNh5e4jvMVG86g=,NULL,0,craig_dean,Craig,Dean,craig.dean@gmail.com,0,1,48:26.0
340,pbkdf2_sha256$260000$Md0idE4l9ivqt3zNlWyPZZ$ES/VpvKqx/S6As9wNHC4UvUgaAo6TQNh5e4jvMVG86g=,NULL,0,craig_rickard,Craig,Rickard,craig.rickard@gmail.com,0,1,48:26.0
103,pbkdf2_sha256$260000$Md0idE4l9ivqt3zNlWyPZZ$ES/VpvKqx/S6As9wNHC4UvUgaAo6TQNh5e4jvMVG86g=,NULL,0,crichey,Crichey,Coleman,crichey@gmail.com,0,1,48:26.0
119,pbkdf2_sha256$260000$Md0idE4l9ivqt3zNlWyPZZ$ES/VpvKqx/S6As9wNHC4UvUgaAo6TQNh5e4jvMVG86g=,NULL,0,csemper,Csemper,Chavez,csemper@gmail.com,0,1,48:26.0
130,pbkdf2_sha256$260000$Md0idE4l9ivqt3zNlWyPZZ$ES/VpvKqx/S6As9wNHC4UvUgaAo6TQNh5e4jvMVG86g=,NULL,0,cstclai,Cstclai,Ruiz,cstclai@gmail.com,0,1,48:26.0
368,pbkdf2_sha256$260000$Md0idE4l9ivqt3zNlWyPZZ$ES/VpvKqx/S6As9wNHC4UvUgaAo6TQNh5e4jvMVG86g=,NULL,0,d_alexander,Denni,Alexander,d.alexander@gmail.com,0,1,48:26.0
284,pbkdf2_sha256$260000$Md0idE4l9ivqt3zNlWyPZZ$ES/VpvKqx/S6As9wNHC4UvUgaAo6TQNh5e4jvMVG86g=,NULL,0,dan_hyvl,Dan,Hyvl,dan.hyvl@gmail.com,0,1,48:26.0
285,pbkdf2_sha256$260000$Md0idE4l9ivqt3zNlWyPZZ$ES/VpvKqx/S6As9wNHC4UvUgaAo6TQNh5e4jvMVG86g=,NULL,0,dana_davis,Dana,Davis,dana.davis@gmail.com,0,1,48:26.0
341,pbkdf2_sha256$260000$Md0idE4l9ivqt3zNlWyPZZ$ES/VpvKqx/S6As9wNHC4UvUgaAo6TQNh5e4jvMVG86g=,NULL,0,daniel_ferrell,Daniel,Ferrell,daniel.ferrell@gmail.com,0,1,48:26.0
342,pbkdf2_sha256$260000$Md0idE4l9ivqt3zNlWyPZZ$ES/VpvKqx/S6As9wNHC4UvUgaAo6TQNh5e4jvMVG86g=,NULL,0,danilo_juvane,Danilo,Juvane,danilo.juvane@gmail.com,0,1,48:26.0
386,pbkdf2_sha256$260000$Md0idE4l9ivqt3zNlWyPZZ$ES/VpvKqx/S6As9wNHC4UvUgaAo6TQNh5e4jvMVG86g=,NULL,0,dannie_macalony,Dannie,Macalony,dannie.macalony@gmail.com,0,1,48:26.0
286,pbkdf2_sha256$260000$Md0idE4l9ivqt3zNlWyPZZ$ES/VpvKqx/S6As9wNHC4UvUgaAo6TQNh5e4jvMVG86g=,NULL,0,danny_mccarty,Danny,Mccarty,danny.mccarty@gmail.com,0,1,48:26.0
287,pbkdf2_sha256$260000$Md0idE4l9ivqt3zNlWyPZZ$ES/VpvKqx/S6As9wNHC4UvUgaAo6TQNh5e4jvMVG86g=,NULL,0,daren.j.farmer,Daren,Farmer,daren.j.farmer@gmail.com,0,1,48:26.0
252,pbkdf2_sha256$260000$Md0idE4l9ivqt3zNlWyPZZ$ES/VpvKqx/S6As9wNHC4UvUgaAo6TQNh5e4jvMVG86g=,NULL,0,darrell_schoolcraft,Darrell,Schoolcraft,darrell.schoolcraft@gmail.com,0,1,48:26.0
391,pbkdf2_sha256$260000$Md0idE4l9ivqt3zNlWyPZZ$ES/VpvKqx/S6As9wNHC4UvUgaAo6TQNh5e4jvMVG86g=,NULL,0,dave_nommensen,Dave,Nommensen,dave.nommensen@gmail.com,0,1,48:26.0
343,pbkdf2_sha256$260000$Md0idE4l9ivqt3zNlWyPZZ$ES/VpvKqx/S6As9wNHC4UvUgaAo6TQNh5e4jvMVG86g=,NULL,0,david_allan,David,Allan,david.allan@gmail.com,0,1,48:26.0
369,pbkdf2_sha256$260000$Md0idE4l9ivqt3zNlWyPZZ$ES/VpvKqx/S6As9wNHC4UvUgaAo6TQNh5e4jvMVG86g=,NULL,0,david_dronet,David,Dronet,david.dronet@gmail.com,0,1,48:26.0
254,pbkdf2_sha256$260000$Md0idE4l9ivqt3zNlWyPZZ$ES/VpvKqx/S6As9wNHC4UvUgaAo6TQNh5e4jvMVG86g=,NULL,0,david.w.delainey,David,Delainey,david.w.delainey@gmail.com,0,1,48:26.0
7,pbkdf2_sha256$260000$Md0idE4l9ivqt3zNlWyPZZ$ES/VpvKqx/S6As9wNHC4UvUgaAo6TQNh5e4jvMVG86g=,NULL,0,dbaughm,Baughm,Miller,dbaughm@gmail.com,0,1,48:26.0
22,pbkdf2_sha256$260000$Md0idE4l9ivqt3zNlWyPZZ$ES/VpvKqx/S6As9wNHC4UvUgaAo6TQNh5e4jvMVG86g=,NULL,0,ddavis,Davis,Lopez,ddavis@gmail.com,0,1,48:26.0
25,pbkdf2_sha256$260000$Md0idE4l9ivqt3zNlWyPZZ$ES/VpvKqx/S6As9wNHC4UvUgaAo6TQNh5e4jvMVG86g=,NULL,0,ddelain2,Delainy,Harris,ddelain2@gmail.com,0,1,48:26.0
255,pbkdf2_sha256$260000$Md0idE4l9ivqt3zNlWyPZZ$ES/VpvKqx/S6As9wNHC4UvUgaAo6TQNh5e4jvMVG86g=,NULL,0,debra_perlingiere,Debra,Perlingiere,debra.perlingiere@gmail.com,0,1,48:26.0
331,pbkdf2_sha256$260000$Md0idE4l9ivqt3zNlWyPZZ$ES/VpvKqx/S6As9wNHC4UvUgaAo6TQNh5e4jvMVG86g=,NULL,0,derek_davies,Derek,Davies,derek.davies@gmail.com,0,1,48:26.0
32,pbkdf2_sha256$260000$Md0idE4l9ivqt3zNlWyPZZ$ES/VpvKqx/S6As9wNHC4UvUgaAo6TQNh5e4jvMVG86g=,NULL,0,dfarmer,Farmer,Young,dfarmer@gmail.com,0,1,48:26.0
35,pbkdf2_sha256$260000$Md0idE4l9ivqt3zNlWyPZZ$ES/VpvKqx/S6As9wNHC4UvUgaAo6TQNh5e4jvMVG86g=,NULL,0,dfossum,Fossum,Wright,dfossum@gmail.com,0,1,48:26.0
41,pbkdf2_sha256$260000$Md0idE4l9ivqt3zNlWyPZZ$ES/VpvKqx/S6As9wNHC4UvUgaAo6TQNh5e4jvMVG86g=,NULL,0,dgiron,Giron,Nelson,dgiron@gmail.com,0,1,48:26.0
58,pbkdf2_sha256$260000$Md0idE4l9ivqt3zNlWyPZZ$ES/VpvKqx/S6As9wNHC4UvUgaAo6TQNh5e4jvMVG86g=,NULL,0,dhyvl,Hyvl,Nguyen,dhyvl@gmail.com,0,1,48:26.0
256,pbkdf2_sha256$260000$Md0idE4l9ivqt3zNlWyPZZ$ES/VpvKqx/S6As9wNHC4UvUgaAo6TQNh5e4jvMVG86g=,NULL,0,diana_scholtes,Diana,Scholtes,diana.scholtes@gmail.com,0,1,48:26.0
332,pbkdf2_sha256$260000$Md0idE4l9ivqt3zNlWyPZZ$ES/VpvKqx/S6As9wNHC4UvUgaAo6TQNh5e4jvMVG86g=,NULL,0,diane_anderson,Diane,Anderson,diane.anderson@gmail.com,0,1,48:26.0
344,pbkdf2_sha256$260000$Md0idE4l9ivqt3zNlWyPZZ$ES/VpvKqx/S6As9wNHC4UvUgaAo6TQNh5e4jvMVG86g=,NULL,0,dirk_dimitry,Dirk,Dimitry,dirk.dimitry@gmail.com,0,1,48:26.0
80,pbkdf2_sha256$260000$Md0idE4l9ivqt3zNlWyPZZ$ES/VpvKqx/S6As9wNHC4UvUgaAo6TQNh5e4jvMVG86g=,NULL,0,dmccarty,Mccarty,Gray,dmccarty@gmail.com,0,1,48:26.0
257,pbkdf2_sha256$260000$Md0idE4l9ivqt3zNlWyPZZ$ES/VpvKqx/S6As9wNHC4UvUgaAo6TQNh5e4jvMVG86g=,NULL,0,don_baughman,Don,Baughman,don.baughman@gmail.com,0,1,48:26.0
258,pbkdf2_sha256$260000$Md0idE4l9ivqt3zNlWyPZZ$ES/VpvKqx/S6As9wNHC4UvUgaAo6TQNh5e4jvMVG86g=,NULL,0,doug_gilbert-smith,Doug,Gilbert-Smith,doug.gilbert-smith@gmail.com,0,1,48:26.0
95,pbkdf2_sha256$260000$Md0idE4l9ivqt3zNlWyPZZ$ES/VpvKqx/S6As9wNHC4UvUgaAo6TQNh5e4jvMVG86g=,NULL,0,dperlin,Perlin,Ortiz,dperlin@gmail.com,0,1,48:26.0
100,pbkdf2_sha256$260000$Md0idE4l9ivqt3zNlWyPZZ$ES/VpvKqx/S6As9wNHC4UvUgaAo6TQNh5e4jvMVG86g=,NULL,0,dquigle,Quigle,Barnes,dquigle@gmail.com,0,1,48:26.0
259,pbkdf2_sha256$260000$Md0idE4l9ivqt3zNlWyPZZ$ES/VpvKqx/S6As9wNHC4UvUgaAo6TQNh5e4jvMVG86g=,NULL,0,drew_fossum,Drew,Fossum,drew.fossum@gmail.com,0,1,48:26.0
114,pbkdf2_sha256$260000$Md0idE4l9ivqt3zNlWyPZZ$ES/VpvKqx/S6As9wNHC4UvUgaAo6TQNh5e4jvMVG86g=,NULL,0,dscholt,Dscholt,Wallace,dscholt@gmail.com,0,1,48:26.0
115,pbkdf2_sha256$260000$Md0idE4l9ivqt3zNlWyPZZ$ES/VpvKqx/S6As9wNHC4UvUgaAo6TQNh5e4jvMVG86g=,NULL,0,dschool,Dschool,Griffin,dschool@gmail.com,0,1,48:26.0
40,pbkdf2_sha256$260000$Md0idE4l9ivqt3zNlWyPZZ$ES/VpvKqx/S6As9wNHC4UvUgaAo6TQNh5e4jvMVG86g=,NULL,0,dsmith3,Smithy,Adams,dsmith3@gmail.com,0,1,48:26.0
260,pbkdf2_sha256$260000$Md0idE4l9ivqt3zNlWyPZZ$ES/VpvKqx/S6As9wNHC4UvUgaAo6TQNh5e4jvMVG86g=,NULL,0,dutch_quigley,Dutch,Quigley,dutch.quigley@gmail.com,0,1,48:26.0
24,pbkdf2_sha256$260000$Md0idE4l9ivqt3zNlWyPZZ$ES/VpvKqx/S6As9wNHC4UvUgaAo6TQNh5e4jvMVG86g=,NULL,0,dylann,Dylan,Gonzalez,dylan_g@gmail.com,0,1,48:26.0
316,pbkdf2_sha256$260000$Md0idE4l9ivqt3zNlWyPZZ$ES/VpvKqx/S6As9wNHC4UvUgaAo6TQNh5e4jvMVG86g=,NULL,0,e_.ramirez,E,.Ramirez,e..ramirez@gmail.com,0,1,48:26.0
6,pbkdf2_sha256$260000$Md0idE4l9ivqt3zNlWyPZZ$ES/VpvKqx/S6As9wNHC4UvUgaAo6TQNh5e4jvMVG86g=,NULL,0,ebass,Bass,Jones,ebass@gmail.com,0,1,48:26.0
333,pbkdf2_sha256$260000$Md0idE4l9ivqt3zNlWyPZZ$ES/VpvKqx/S6As9wNHC4UvUgaAo6TQNh5e4jvMVG86g=,NULL,0,eduardo_gil,Eduardo,Gil,eduardo.gil@gmail.com,0,1,48:26.0
71,pbkdf2_sha256$260000$Md0idE4l9ivqt3zNlWyPZZ$ES/VpvKqx/S6As9wNHC4UvUgaAo6TQNh5e4jvMVG86g=,NULL,0,elinder,Linder,Howard,elinder@gmail.com,0,1,48:26.0
261,pbkdf2_sha256$260000$Md0idE4l9ivqt3zNlWyPZZ$ES/VpvKqx/S6As9wNHC4UvUgaAo6TQNh5e4jvMVG86g=,NULL,0,elizabeth_sager,Elizabeth,Sager,elizabeth.sager@gmail.com,0,1,48:26.0
85,pbkdf2_sha256$260000$Md0idE4l9ivqt3zNlWyPZZ$ES/VpvKqx/S6As9wNHC4UvUgaAo6TQNh5e4jvMVG86g=,NULL,0,emclaug,Mclaug,Price,emclaug@gmail.com,0,1,48:26.0
263,pbkdf2_sha256$260000$Md0idE4l9ivqt3zNlWyPZZ$ES/VpvKqx/S6As9wNHC4UvUgaAo6TQNh5e4jvMVG86g=,NULL,0,eric_bass,Eric,Bass,eric.bass@gmail.com,0,1,48:26.0
264,pbkdf2_sha256$260000$Md0idE4l9ivqt3zNlWyPZZ$ES/VpvKqx/S6As9wNHC4UvUgaAo6TQNh5e4jvMVG86g=,NULL,0,eric_linder,Eric,Linder,eric.linder@gmail.com,0,1,48:26.0
262,pbkdf2_sha256$260000$Md0idE4l9ivqt3zNlWyPZZ$ES/VpvKqx/S6As9wNHC4UvUgaAo6TQNh5e4jvMVG86g=,NULL,0,eric_saibi,Eric,Saibi,eric.saibi@gmail.com,0,1,48:26.0
265,pbkdf2_sha256$260000$Md0idE4l9ivqt3zNlWyPZZ$ES/VpvKqx/S6As9wNHC4UvUgaAo6TQNh5e4jvMVG86g=,NULL,0,errol_mclaughlin,Errol,Mclaughlin,errol.mclaughlin@gmail.com,0,1,48:26.0
109,pbkdf2_sha256$260000$Md0idE4l9ivqt3zNlWyPZZ$ES/VpvKqx/S6As9wNHC4UvUgaAo6TQNh5e4jvMVG86g=,NULL,0,esager,Esager,Graham,esager@gmail.com,0,1,48:26.0
110,pbkdf2_sha256$260000$Md0idE4l9ivqt3zNlWyPZZ$ES/VpvKqx/S6As9wNHC4UvUgaAo6TQNh5e4jvMVG86g=,NULL,0,esaibi,Esaibi,Kim,esaibi@gmail.com,0,1,48:26.0
31,pbkdf2_sha256$260000$Md0idE4l9ivqt3zNlWyPZZ$ES/VpvKqx/S6As9wNHC4UvUgaAo6TQNh5e4jvMVG86g=,NULL,0,fermis,Ermis,Hall,fermis@gmail.com,0,1,48:26.0
345,pbkdf2_sha256$260000$Md0idE4l9ivqt3zNlWyPZZ$ES/VpvKqx/S6As9wNHC4UvUgaAo6TQNh5e4jvMVG86g=,NULL,0,finley_biggerstaff,Finley,Biggerstaff,finley.biggerstaff@gmail.com,0,1,48:26.0
266,pbkdf2_sha256$260000$Md0idE4l9ivqt3zNlWyPZZ$ES/VpvKqx/S6As9wNHC4UvUgaAo6TQNh5e4jvMVG86g=,NULL,0,fletcher.j.sturm,Fletcher,Sturm,fletcher.j.sturm@gmail.com,0,1,48:26.0
267,pbkdf2_sha256$260000$Md0idE4l9ivqt3zNlWyPZZ$ES/VpvKqx/S6As9wNHC4UvUgaAo6TQNh5e4jvMVG86g=,NULL,0,frank_ermis,Frank,Ermis,frank.ermis@gmail.com,0,1,48:26.0
135,pbkdf2_sha256$260000$Md0idE4l9ivqt3zNlWyPZZ$ES/VpvKqx/S6As9wNHC4UvUgaAo6TQNh5e4jvMVG86g=,NULL,0,fsturm,Fsturm,Mendoza,fsturm@gmail.com,0,1,48:26.0
288,pbkdf2_sha256$260000$Md0idE4l9ivqt3zNlWyPZZ$ES/VpvKqx/S6As9wNHC4UvUgaAo6TQNh5e4jvMVG86g=,NULL,0,geir_solberg,Geir,Solberg,geir.solberg@gmail.com,0,1,48:26.0
289,pbkdf2_sha256$260000$Md0idE4l9ivqt3zNlWyPZZ$ES/VpvKqx/S6As9wNHC4UvUgaAo6TQNh5e4jvMVG86g=,NULL,0,geoff_storey,Geoff,Storey,geoff.storey@gmail.com,0,1,48:26.0
290,pbkdf2_sha256$260000$Md0idE4l9ivqt3zNlWyPZZ$ES/VpvKqx/S6As9wNHC4UvUgaAo6TQNh5e4jvMVG86g=,NULL,0,gerald_nemec,Gerald,Nemec,gerald.nemec@gmail.com,0,1,48:26.0
313,pbkdf2_sha256$260000$Md0idE4l9ivqt3zNlWyPZZ$ES/VpvKqx/S6As9wNHC4UvUgaAo6TQNh5e4jvMVG86g=,NULL,0,ginger_dernehl,Ginger,Dernehl,ginger.dernehl@gmail.com,0,1,48:26.0
327,pbkdf2_sha256$260000$Md0idE4l9ivqt3zNlWyPZZ$ES/VpvKqx/S6As9wNHC4UvUgaAo6TQNh5e4jvMVG86g=,NULL,0,glen_hass,Glen,Hass,glen.hass@gmail.com,0,1,48:26.0
91,pbkdf2_sha256$260000$Md0idE4l9ivqt3zNlWyPZZ$ES/VpvKqx/S6As9wNHC4UvUgaAo6TQNh5e4jvMVG86g=,NULL,0,gnemec,Nemec,Morales,gnemec@gmail.com,0,1,48:26.0
346,pbkdf2_sha256$260000$Md0idE4l9ivqt3zNlWyPZZ$ES/VpvKqx/S6As9wNHC4UvUgaAo6TQNh5e4jvMVG86g=,NULL,0,greg_bruch,Greg,Bruch,greg.bruch@gmail.com,0,1,48:26.0
291,pbkdf2_sha256$260000$Md0idE4l9ivqt3zNlWyPZZ$ES/VpvKqx/S6As9wNHC4UvUgaAo6TQNh5e4jvMVG86g=,NULL,0,greg_whalley,Greg,Whalley,greg.whalley@gmail.com,0,1,48:26.0
127,pbkdf2_sha256$260000$Md0idE4l9ivqt3zNlWyPZZ$ES/VpvKqx/S6As9wNHC4UvUgaAo6TQNh5e4jvMVG86g=,NULL,0,gsolber,Gsolber,Owens,gsolber@gmail.com,0,1,48:26.0
134,pbkdf2_sha256$260000$Md0idE4l9ivqt3zNlWyPZZ$ES/VpvKqx/S6As9wNHC4UvUgaAo6TQNh5e4jvMVG86g=,NULL,0,gstorey,Gstorey,Woods,gstorey@gmail.com,0,1,48:26.0
147,pbkdf2_sha256$260000$Md0idE4l9ivqt3zNlWyPZZ$ES/VpvKqx/S6As9wNHC4UvUgaAo6TQNh5e4jvMVG86g=,NULL,0,gwhalle,Gwhalle,Crawford,gwhalle@gmail.com,0,1,48:26.0
221,pbkdf2_sha256$260000$Md0idE4l9ivqt3zNlWyPZZ$ES/VpvKqx/S6As9wNHC4UvUgaAo6TQNh5e4jvMVG86g=,NULL,0,h_.lewis,Lewis,Garza,h..lewis@gmail.com,0,1,48:26.0
294,pbkdf2_sha256$260000$Md0idE4l9ivqt3zNlWyPZZ$ES/VpvKqx/S6As9wNHC4UvUgaAo6TQNh5e4jvMVG86g=,NULL,0,e_.haedicke,Haedicke,Bates,haedicke@gmail.com,0,1,48:26.0
392,pbkdf2_sha256$260000$Md0idE4l9ivqt3zNlWyPZZ$ES/VpvKqx/S6As9wNHC4UvUgaAo6TQNh5e4jvMVG86g=,NULL,0,hai_chen,Hai,Chen,hai.chen@gmail.com,0,1,48:26.0
380,pbkdf2_sha256$260000$Md0idE4l9ivqt3zNlWyPZZ$ES/VpvKqx/S6As9wNHC4UvUgaAo6TQNh5e4jvMVG86g=,NULL,0,halsey_cheng,Halsey,Cheng,halsey.cheng@gmail.com,0,1,48:26.0
3,pbkdf2_sha256$260000$Md0idE4l9ivqt3zNlWyPZZ$ES/VpvKqx/S6As9wNHC4UvUgaAo6TQNh5e4jvMVG86g=,NULL,0,harora,Harora,Johnson,harora@gmail.com,0,1,48:26.0
292,pbkdf2_sha256$260000$Md0idE4l9ivqt3zNlWyPZZ$ES/VpvKqx/S6As9wNHC4UvUgaAo6TQNh5e4jvMVG86g=,NULL,0,harry_arora,Harry,Arora,harry.arora@gmail.com,0,1,48:26.0
307,pbkdf2_sha256$260000$Md0idE4l9ivqt3zNlWyPZZ$ES/VpvKqx/S6As9wNHC4UvUgaAo6TQNh5e4jvMVG86g=,NULL,0,heidi_dubose,Heidi,Dubose,heidi.dubose@gmail.com,0,1,48:26.0
208,pbkdf2_sha256$260000$Md0idE4l9ivqt3zNlWyPZZ$ES/VpvKqx/S6As9wNHC4UvUgaAo6TQNh5e4jvMVG86g=,NULL,0,holden_salisbury,Holden,Salisbury,holden.salisbury@gmail.com,0,1,48:26.0
111,pbkdf2_sha256$260000$Md0idE4l9ivqt3zNlWyPZZ$ES/VpvKqx/S6As9wNHC4UvUgaAo6TQNh5e4jvMVG86g=,NULL,0,hsalisbu,Hsalisbu,Gonzales,hsalisbu@gmail.com,0,1,48:26.0
123,pbkdf2_sha256$260000$Md0idE4l9ivqt3zNlWyPZZ$ES/VpvKqx/S6As9wNHC4UvUgaAo6TQNh5e4jvMVG86g=,NULL,0,hshivel,Hshivel,Stevens,hshivel@gmail.com,0,1,48:26.0
209,pbkdf2_sha256$260000$Md0idE4l9ivqt3zNlWyPZZ$ES/VpvKqx/S6As9wNHC4UvUgaAo6TQNh5e4jvMVG86g=,NULL,0,hunter.s.shively,Hunter,Shively,hunter.s.shively@gmail.com,0,1,48:26.0
393,pbkdf2_sha256$260000$Md0idE4l9ivqt3zNlWyPZZ$ES/VpvKqx/S6As9wNHC4UvUgaAo6TQNh5e4jvMVG86g=,NULL,0,israel_estrada,Israel,Estrada,israel.estrada@gmail.com,0,1,48:26.0
356,pbkdf2_sha256$260000$Md0idE4l9ivqt3zNlWyPZZ$ES/VpvKqx/S6As9wNHC4UvUgaAo6TQNh5e4jvMVG86g=,NULL,0,j_harris,Jonas,Harris,j.harris@gmail.com,0,1,48:26.0
299,pbkdf2_sha256$260000$Md0idE4l9ivqt3zNlWyPZZ$ES/VpvKqx/S6As9wNHC4UvUgaAo6TQNh5e4jvMVG86g=,NULL,0,j_kaminski,JKaminski,Estrada,j.kaminski@gmail.com,0,1,48:26.0
347,pbkdf2_sha256$260000$Md0idE4l9ivqt3zNlWyPZZ$ES/VpvKqx/S6As9wNHC4UvUgaAo6TQNh5e4jvMVG86g=,NULL,0,james_bryja,James,Bryja,james.bryja@gmail.com,0,1,48:26.0
375,pbkdf2_sha256$260000$Md0idE4l9ivqt3zNlWyPZZ$ES/VpvKqx/S6As9wNHC4UvUgaAo6TQNh5e4jvMVG86g=,NULL,0,james_centilli,James,Centilli,james.centilli@gmail.com,0,1,48:26.0
210,pbkdf2_sha256$260000$Md0idE4l9ivqt3zNlWyPZZ$ES/VpvKqx/S6As9wNHC4UvUgaAo6TQNh5e4jvMVG86g=,NULL,0,james.d.steffes,James,Steffes,james.d.steffes@gmail.com,0,1,48:26.0
211,pbkdf2_sha256$260000$Md0idE4l9ivqt3zNlWyPZZ$ES/VpvKqx/S6As9wNHC4UvUgaAo6TQNh5e4jvMVG86g=,NULL,0,james_derrick,James,Derrick,james.derrick@gmail.com,0,1,48:26.0
320,pbkdf2_sha256$260000$Md0idE4l9ivqt3zNlWyPZZ$ES/VpvKqx/S6As9wNHC4UvUgaAo6TQNh5e4jvMVG86g=,NULL,0,james_new,James,New,james.new@gmail.com,0,1,48:26.0
212,pbkdf2_sha256$260000$Md0idE4l9ivqt3zNlWyPZZ$ES/VpvKqx/S6As9wNHC4UvUgaAo6TQNh5e4jvMVG86g=,NULL,0,jane_tholt,Jane,Tholt,jane.tholt@gmail.com,0,1,48:26.0
214,pbkdf2_sha256$260000$Md0idE4l9ivqt3zNlWyPZZ$ES/VpvKqx/S6As9wNHC4UvUgaAo6TQNh5e4jvMVG86g=,NULL,0,jason_williams,Jason,Williams,jason.williams@gmail.com,0,1,48:26.0
213,pbkdf2_sha256$260000$Md0idE4l9ivqt3zNlWyPZZ$ES/VpvKqx/S6As9wNHC4UvUgaAo6TQNh5e4jvMVG86g=,NULL,0,jason_wolfe,Jason,Wolfe,jason.wolfe@gmail.com,0,1,48:26.0
348,pbkdf2_sha256$260000$Md0idE4l9ivqt3zNlWyPZZ$ES/VpvKqx/S6As9wNHC4UvUgaAo6TQNh5e4jvMVG86g=,NULL,0,jay_boudreaux,Jay,Boudreaux,jay.boudreaux@gmail.com,0,1,48:26.0
215,pbkdf2_sha256$260000$Md0idE4l9ivqt3zNlWyPZZ$ES/VpvKqx/S6As9wNHC4UvUgaAo6TQNh5e4jvMVG86g=,NULL,0,jay_reitmeyer,Jay,Reitmeyer,jay.reitmeyer@gmail.com,0,1,48:26.0
21,pbkdf2_sha256$260000$Md0idE4l9ivqt3zNlWyPZZ$ES/VpvKqx/S6As9wNHC4UvUgaAo6TQNh5e4jvMVG86g=,NULL,0,jdasovic,Dasovic,White,jdasovic@gmail.com,0,1,48:26.0
26,pbkdf2_sha256$260000$Md0idE4l9ivqt3zNlWyPZZ$ES/VpvKqx/S6As9wNHC4UvUgaAo6TQNh5e4jvMVG86g=,NULL,0,jderric,Derric,Clark,jderric@gmail.com,0,1,48:26.0
311,pbkdf2_sha256$260000$Md0idE4l9ivqt3zNlWyPZZ$ES/VpvKqx/S6As9wNHC4UvUgaAo6TQNh5e4jvMVG86g=,NULL,0,jeff_climon,Jeff,Climon,jeff.climon@gmail.com,0,1,48:26.0
216,pbkdf2_sha256$260000$Md0idE4l9ivqt3zNlWyPZZ$ES/VpvKqx/S6As9wNHC4UvUgaAo6TQNh5e4jvMVG86g=,NULL,0,jeff_dasovich,Jeff,Dasovich,jeff.dasovich@gmail.com,0,1,48:26.0
349,pbkdf2_sha256$260000$Md0idE4l9ivqt3zNlWyPZZ$ES/VpvKqx/S6As9wNHC4UvUgaAo6TQNh5e4jvMVG86g=,NULL,0,jeff_kabel,Jeff,Kabel,jeff.kabel@gmail.com,0,1,48:26.0
217,pbkdf2_sha256$260000$Md0idE4l9ivqt3zNlWyPZZ$ES/VpvKqx/S6As9wNHC4UvUgaAo6TQNh5e4jvMVG86g=,NULL,0,jeff_king,Jeff,King,jeff.king@gmail.com,0,1,48:26.0
161,pbkdf2_sha256$260000$Md0idE4l9ivqt3zNlWyPZZ$ES/VpvKqx/S6As9wNHC4UvUgaAo6TQNh5e4jvMVG86g=,NULL,0,jeff_skilling,Jeff,Black,jeff.skilling@gmail.com,0,1,48:26.0
218,pbkdf2_sha256$260000$Md0idE4l9ivqt3zNlWyPZZ$ES/VpvKqx/S6As9wNHC4UvUgaAo6TQNh5e4jvMVG86g=,NULL,0,jeffrey.a.shankman,Jeffrey,Shankman,jeffrey.a.shankman@gmail.com,0,1,48:26.0
308,pbkdf2_sha256$260000$Md0idE4l9ivqt3zNlWyPZZ$ES/VpvKqx/S6As9wNHC4UvUgaAo6TQNh5e4jvMVG86g=,NULL,0,jessica_presas,Jessica,Presas,jessica.presas@gmail.com,0,1,48:26.0
34,pbkdf2_sha256$260000$Md0idE4l9ivqt3zNlWyPZZ$ES/VpvKqx/S6As9wNHC4UvUgaAo6TQNh5e4jvMVG86g=,NULL,0,jforney,Forney,Sanchez,jforney@gmail.com,0,1,48:26.0
52,pbkdf2_sha256$260000$Md0idE4l9ivqt3zNlWyPZZ$ES/VpvKqx/S6As9wNHC4UvUgaAo6TQNh5e4jvMVG86g=,NULL,0,jhernan,Hernan,Parker,jhernan@gmail.com,0,1,48:26.0
51,pbkdf2_sha256$260000$Md0idE4l9ivqt3zNlWyPZZ$ES/VpvKqx/S6As9wNHC4UvUgaAo6TQNh5e4jvMVG86g=,NULL,0,jhernan3,Hernany,Torres,jhernan3@gmail.com,0,1,48:26.0
53,pbkdf2_sha256$260000$Md0idE4l9ivqt3zNlWyPZZ$ES/VpvKqx/S6As9wNHC4UvUgaAo6TQNh5e4jvMVG86g=,NULL,0,jhodge,Hodge,Collins,jhodge@gmail.com,0,1,48:26.0
54,pbkdf2_sha256$260000$Md0idE4l9ivqt3zNlWyPZZ$ES/VpvKqx/S6As9wNHC4UvUgaAo6TQNh5e4jvMVG86g=,NULL,0,jhodge2,Hodgey,Edwards,jhodge2@gmail.com,0,1,48:26.0
358,pbkdf2_sha256$260000$Md0idE4l9ivqt3zNlWyPZZ$ES/VpvKqx/S6As9wNHC4UvUgaAo6TQNh5e4jvMVG86g=,NULL,0,jill_erwin,Jill,Erwin,jill.erwin@gmail.com,0,1,48:26.0
207,pbkdf2_sha256$260000$Md0idE4l9ivqt3zNlWyPZZ$ES/VpvKqx/S6As9wNHC4UvUgaAo6TQNh5e4jvMVG86g=,NULL,0,jim_schwieger,Jim,Schwieger,jim.schwieger@gmail.com,0,1,48:26.0
64,pbkdf2_sha256$260000$Md0idE4l9ivqt3zNlWyPZZ$ES/VpvKqx/S6As9wNHC4UvUgaAo6TQNh5e4jvMVG86g=,NULL,0,jking6,Kingy,Peterson,jking6@gmail.com,0,1,48:26.0
67,pbkdf2_sha256$260000$Md0idE4l9ivqt3zNlWyPZZ$ES/VpvKqx/S6As9wNHC4UvUgaAo6TQNh5e4jvMVG86g=,NULL,0,jlavora,Lavora,Bailey,jlavora@gmail.com,0,1,48:26.0
84,pbkdf2_sha256$260000$Md0idE4l9ivqt3zNlWyPZZ$ES/VpvKqx/S6As9wNHC4UvUgaAo6TQNh5e4jvMVG86g=,NULL,0,jmckay1,Mckayy,Hughes,jmckay1@gmail.com,0,1,48:26.0
179,pbkdf2_sha256$260000$Md0idE4l9ivqt3zNlWyPZZ$ES/VpvKqx/S6As9wNHC4UvUgaAo6TQNh5e4jvMVG86g=,NULL,0,joeparks,Joeparks,Fernandez,joe.parks@gmail.com,0,1,48:26.0
169,pbkdf2_sha256$260000$Md0idE4l9ivqt3zNlWyPZZ$ES/VpvKqx/S6As9wNHC4UvUgaAo6TQNh5e4jvMVG86g=,NULL,0,joe_quenet,Joe,Quenet,joe.quenet@gmail.com,0,1,48:26.0
176,pbkdf2_sha256$260000$Md0idE4l9ivqt3zNlWyPZZ$ES/VpvKqx/S6As9wNHC4UvUgaAo6TQNh5e4jvMVG86g=,NULL,0,joe_stepen,Joe,Stepen,joe.stepenovitch@gmail.com,0,1,48:26.0
350,pbkdf2_sha256$260000$Md0idE4l9ivqt3zNlWyPZZ$ES/VpvKqx/S6As9wNHC4UvUgaAo6TQNh5e4jvMVG86g=,NULL,0,joern_schmidt,Joern,Schmidt,joern.schmidt@gmail.com,0,1,48:26.0
202,pbkdf2_sha256$260000$Md0idE4l9ivqt3zNlWyPZZ$ES/VpvKqx/S6As9wNHC4UvUgaAo6TQNh5e4jvMVG86g=,NULL,0,john_arnold,John_Arnold,Arnold,john.arnold@gmail.com,0,1,48:26.0
384,pbkdf2_sha256$260000$Md0idE4l9ivqt3zNlWyPZZ$ES/VpvKqx/S6As9wNHC4UvUgaAo6TQNh5e4jvMVG86g=,NULL,0,john_buchanan,John,Buchanan,john.buchanan@gmail.com,0,1,48:26.0
185,pbkdf2_sha256$260000$Md0idE4l9ivqt3zNlWyPZZ$ES/VpvKqx/S6As9wNHC4UvUgaAo6TQNh5e4jvMVG86g=,NULL,0,john_griffith,John_Griffith,Kelley,john.griffith@gmail.com,0,1,48:26.0
205,pbkdf2_sha256$260000$Md0idE4l9ivqt3zNlWyPZZ$ES/VpvKqx/S6As9wNHC4UvUgaAo6TQNh5e4jvMVG86g=,NULL,0,john_hodge,John,Hodge,john.hodge@gmail.com,0,1,48:26.0
204,pbkdf2_sha256$260000$Md0idE4l9ivqt3zNlWyPZZ$ES/VpvKqx/S6As9wNHC4UvUgaAo6TQNh5e4jvMVG86g=,NULL,0,john_zufferli,John,Zufferli,john.zufferli@gmail.com,0,1,48:26.0
42,pbkdf2_sha256$260000$Md0idE4l9ivqt3zNlWyPZZ$ES/VpvKqx/S6As9wNHC4UvUgaAo6TQNh5e4jvMVG86g=,NULL,0,johnsmiley,John,Hill,john_hill@gmail.com,0,1,48:26.0
334,pbkdf2_sha256$260000$Md0idE4l9ivqt3zNlWyPZZ$ES/VpvKqx/S6As9wNHC4UvUgaAo6TQNh5e4jvMVG86g=,NULL,0,johnny_smith,Johnny,Smith,johnny.smith@gmail.com,0,1,48:26.0
186,pbkdf2_sha256$260000$Md0idE4l9ivqt3zNlWyPZZ$ES/VpvKqx/S6As9wNHC4UvUgaAo6TQNh5e4jvMVG86g=,NULL,0,jonathan,Jonathan,Mckay,jonathan.mckay@gmail.com,0,1,48:26.0
351,pbkdf2_sha256$260000$Md0idE4l9ivqt3zNlWyPZZ$ES/VpvKqx/S6As9wNHC4UvUgaAo6TQNh5e4jvMVG86g=,NULL,0,jonathan_schube,Jonathan,Schube,jonathan.schube@gmail.com,0,1,48:26.0
93,pbkdf2_sha256$260000$Md0idE4l9ivqt3zNlWyPZZ$ES/VpvKqx/S6As9wNHC4UvUgaAo6TQNh5e4jvMVG86g=,NULL,0,jparks,Parks,Sullivan,jparks@gmail.com,0,1,48:26.0
99,pbkdf2_sha256$260000$Md0idE4l9ivqt3zNlWyPZZ$ES/VpvKqx/S6As9wNHC4UvUgaAo6TQNh5e4jvMVG86g=,NULL,0,jquenet,Quenet,Butler,jquenet@gmail.com,0,1,48:26.0
102,pbkdf2_sha256$260000$Md0idE4l9ivqt3zNlWyPZZ$ES/VpvKqx/S6As9wNHC4UvUgaAo6TQNh5e4jvMVG86g=,NULL,0,jreitme,Reitme,Henderson,jreitme@gmail.com,0,1,48:26.0
116,pbkdf2_sha256$260000$Md0idE4l9ivqt3zNlWyPZZ$ES/VpvKqx/S6As9wNHC4UvUgaAo6TQNh5e4jvMVG86g=,NULL,0,jschwie,Jschwie,West,jschwie@gmail.com,0,1,48:26.0
121,pbkdf2_sha256$260000$Md0idE4l9ivqt3zNlWyPZZ$ES/VpvKqx/S6As9wNHC4UvUgaAo6TQNh5e4jvMVG86g=,NULL,0,jshankm,Jshankm,Bryant,jshankm@gmail.com,0,1,48:26.0
124,pbkdf2_sha256$260000$Md0idE4l9ivqt3zNlWyPZZ$ES/VpvKqx/S6As9wNHC4UvUgaAo6TQNh5e4jvMVG86g=,NULL,0,jskillin,Jskillin,Murray,jskillin@gmail.com,0,1,48:26.0
131,pbkdf2_sha256$260000$Md0idE4l9ivqt3zNlWyPZZ$ES/VpvKqx/S6As9wNHC4UvUgaAo6TQNh5e4jvMVG86g=,NULL,0,jsteffe,Jsteffe,Kennedy,jsteffe@gmail.com,0,1,48:26.0
132,pbkdf2_sha256$260000$Md0idE4l9ivqt3zNlWyPZZ$ES/VpvKqx/S6As9wNHC4UvUgaAo6TQNh5e4jvMVG86g=,NULL,0,jstepeno,Jstepeno,Wells,jstepeno@gmail.com,0,1,48:26.0
140,pbkdf2_sha256$260000$Md0idE4l9ivqt3zNlWyPZZ$ES/VpvKqx/S6As9wNHC4UvUgaAo6TQNh5e4jvMVG86g=,NULL,0,jtholt,Jtholt,Tucker,jtholt@gmail.com,0,1,48:26.0
142,pbkdf2_sha256$260000$Md0idE4l9ivqt3zNlWyPZZ$ES/VpvKqx/S6As9wNHC4UvUgaAo6TQNh5e4jvMVG86g=,NULL,0,jtownse,Jtownse,Burns,jtownse@gmail.com,0,1,48:26.0
187,pbkdf2_sha256$260000$Md0idE4l9ivqt3zNlWyPZZ$ES/VpvKqx/S6As9wNHC4UvUgaAo6TQNh5e4jvMVG86g=,NULL,0,juan,Juan,Hernandez,juan.hernandez@gmail.com,0,1,48:26.0
206,pbkdf2_sha256$260000$Md0idE4l9ivqt3zNlWyPZZ$ES/VpvKqx/S6As9wNHC4UvUgaAo6TQNh5e4jvMVG86g=,NULL,0,judy_townsend,Judy,Townsend,judy.townsend@gmail.com,0,1,48:26.0
150,pbkdf2_sha256$260000$Md0idE4l9ivqt3zNlWyPZZ$ES/VpvKqx/S6As9wNHC4UvUgaAo6TQNh5e4jvMVG86g=,NULL,0,jwillia,Jwillia,Mason,jwillia@gmail.com,0,1,48:26.0
152,pbkdf2_sha256$260000$Md0idE4l9ivqt3zNlWyPZZ$ES/VpvKqx/S6As9wNHC4UvUgaAo6TQNh5e4jvMVG86g=,NULL,0,jwolfe,Jwolfe,Gordon,jwolfe@gmail.com,0,1,48:26.0
155,pbkdf2_sha256$260000$Md0idE4l9ivqt3zNlWyPZZ$ES/VpvKqx/S6As9wNHC4UvUgaAo6TQNh5e4jvMVG86g=,NULL,0,jzuffer,Jzuffer,Romero,jzuffer@gmail.com,0,1,48:26.0
178,pbkdf2_sha256$260000$Md0idE4l9ivqt3zNlWyPZZ$ES/VpvKqx/S6As9wNHC4UvUgaAo6TQNh5e4jvMVG86g=,NULL,0,kamkeiser,Kamkeiser,Ryan,kam.keiser@gmail.com,0,1,48:26.0
379,pbkdf2_sha256$260000$Md0idE4l9ivqt3zNlWyPZZ$ES/VpvKqx/S6As9wNHC4UvUgaAo6TQNh5e4jvMVG86g=,NULL,0,karen_lagerstrom,Karen,Lagerstrom,karen.lagerstrom@gmail.com,0,1,48:26.0
164,pbkdf2_sha256$260000$Md0idE4l9ivqt3zNlWyPZZ$ES/VpvKqx/S6As9wNHC4UvUgaAo6TQNh5e4jvMVG86g=,NULL,0,kate_symnes,Kate,Symnes,kate.symes@gmail.com,0,1,48:26.0
165,pbkdf2_sha256$260000$Md0idE4l9ivqt3zNlWyPZZ$ES/VpvKqx/S6As9wNHC4UvUgaAo6TQNh5e4jvMVG86g=,NULL,0,kayyy,Kayyy,Mann,kay.mann@gmail.com,0,1,48:26.0
359,pbkdf2_sha256$260000$Md0idE4l9ivqt3zNlWyPZZ$ES/VpvKqx/S6As9wNHC4UvUgaAo6TQNh5e4jvMVG86g=,NULL,0,kay_miller,Kay,Miller,kay.miller@gmail.com,0,1,48:26.0
166,pbkdf2_sha256$260000$Md0idE4l9ivqt3zNlWyPZZ$ES/VpvKqx/S6As9wNHC4UvUgaAo6TQNh5e4jvMVG86g=,NULL,0,keith_holst,Keith,Holst,keith.holst@gmail.com,0,1,48:26.0
167,pbkdf2_sha256$260000$Md0idE4l9ivqt3zNlWyPZZ$ES/VpvKqx/S6As9wNHC4UvUgaAo6TQNh5e4jvMVG86g=,NULL,0,kenneth_lay,Kenneth,Lay,kenneth.lay@gmail.com,0,1,48:26.0
168,pbkdf2_sha256$260000$Md0idE4l9ivqt3zNlWyPZZ$ES/VpvKqx/S6As9wNHC4UvUgaAo6TQNh5e4jvMVG86g=,NULL,0,kevin_hyatt,Kevin,Hyatt,kevin.hyatt@gmail.com,0,1,48:26.0
171,pbkdf2_sha256$260000$Md0idE4l9ivqt3zNlWyPZZ$ES/VpvKqx/S6As9wNHC4UvUgaAo6TQNh5e4jvMVG86g=,NULL,0,kevin_m,Kevin,Moreno,kevin.m.presto@gmail.com,0,1,48:26.0
177,pbkdf2_sha256$260000$Md0idE4l9ivqt3zNlWyPZZ$ES/VpvKqx/S6As9wNHC4UvUgaAo6TQNh5e4jvMVG86g=,NULL,0,kevin_ruscitti,Kevin,Ruscitti,kevin.ruscitti@gmail.com,0,1,48:26.0
55,pbkdf2_sha256$260000$Md0idE4l9ivqt3zNlWyPZZ$ES/VpvKqx/S6As9wNHC4UvUgaAo6TQNh5e4jvMVG86g=,NULL,0,kholst,Holst,Stewart,kholst@gmail.com,0,1,48:26.0
57,pbkdf2_sha256$260000$Md0idE4l9ivqt3zNlWyPZZ$ES/VpvKqx/S6As9wNHC4UvUgaAo6TQNh5e4jvMVG86g=,NULL,0,khyatt,Hyatt,Morris,khyatt@gmail.com,0,1,48:26.0
163,pbkdf2_sha256$260000$Md0idE4l9ivqt3zNlWyPZZ$ES/VpvKqx/S6As9wNHC4UvUgaAo6TQNh5e4jvMVG86g=,NULL,0,kim_ward,Kim,Ward,kim.ward@gmail.com,0,1,48:26.0
173,pbkdf2_sha256$260000$Md0idE4l9ivqt3zNlWyPZZ$ES/VpvKqx/S6As9wNHC4UvUgaAo6TQNh5e4jvMVG86g=,NULL,0,kimberly_waston,Kimberly,Waston,kimberly.watson@gmail.com,0,1,48:26.0
63,pbkdf2_sha256$260000$Md0idE4l9ivqt3zNlWyPZZ$ES/VpvKqx/S6As9wNHC4UvUgaAo6TQNh5e4jvMVG86g=,NULL,0,kkeiser,Keiser,Morgan,kkeiser@gmail.com,0,1,48:26.0
68,pbkdf2_sha256$260000$Md0idE4l9ivqt3zNlWyPZZ$ES/VpvKqx/S6As9wNHC4UvUgaAo6TQNh5e4jvMVG86g=,NULL,0,klay,Lay,Bell,klay@gmail.com,0,1,48:26.0
77,pbkdf2_sha256$260000$Md0idE4l9ivqt3zNlWyPZZ$ES/VpvKqx/S6As9wNHC4UvUgaAo6TQNh5e4jvMVG86g=,NULL,0,kmann,Mann,Watson,kmann@gmail.com,0,1,48:26.0
98,pbkdf2_sha256$260000$Md0idE4l9ivqt3zNlWyPZZ$ES/VpvKqx/S6As9wNHC4UvUgaAo6TQNh5e4jvMVG86g=,NULL,0,kpresto,Presto,Perry,kpresto@gmail.com,0,1,48:26.0
108,pbkdf2_sha256$260000$Md0idE4l9ivqt3zNlWyPZZ$ES/VpvKqx/S6As9wNHC4UvUgaAo6TQNh5e4jvMVG86g=,NULL,0,kruscit,Kruscit,Hamilton,kruscit@gmail.com,0,1,48:26.0
137,pbkdf2_sha256$260000$Md0idE4l9ivqt3zNlWyPZZ$ES/VpvKqx/S6As9wNHC4UvUgaAo6TQNh5e4jvMVG86g=,NULL,0,ksymes,Ksymes,Olson,ksymes@gmail.com,0,1,48:26.0
144,pbkdf2_sha256$260000$Md0idE4l9ivqt3zNlWyPZZ$ES/VpvKqx/S6As9wNHC4UvUgaAo6TQNh5e4jvMVG86g=,NULL,0,kward,Kward,Vasquez,kward@gmail.com,0,1,48:26.0
145,pbkdf2_sha256$260000$Md0idE4l9ivqt3zNlWyPZZ$ES/VpvKqx/S6As9wNHC4UvUgaAo6TQNh5e4jvMVG86g=,NULL,0,kwatson,Kwatson,Snyder,kwatson@gmail.com,0,1,48:26.0
242,pbkdf2_sha256$260000$Md0idE4l9ivqt3zNlWyPZZ$ES/VpvKqx/S6As9wNHC4UvUgaAo6TQNh5e4jvMVG86g=,NULL,0,gary.austin,Gary,Austin,l..gay@gmail.com,0,1,48:26.0
174,pbkdf2_sha256$260000$Md0idE4l9ivqt3zNlWyPZZ$ES/VpvKqx/S6As9wNHC4UvUgaAo6TQNh5e4jvMVG86g=,NULL,0,larry_f,Larry,Ferguson,larry.f.campbell@gmail.com,0,1,48:26.0
175,pbkdf2_sha256$260000$Md0idE4l9ivqt3zNlWyPZZ$ES/VpvKqx/S6As9wNHC4UvUgaAo6TQNh5e4jvMVG86g=,NULL,0,larry_may,Larry,Nichols,larry.may@gmail.com,0,1,48:26.0
203,pbkdf2_sha256$260000$Md0idE4l9ivqt3zNlWyPZZ$ES/VpvKqx/S6As9wNHC4UvUgaAo6TQNh5e4jvMVG86g=,NULL,0,lavorato,Lavorato,Hudson,lavorato@gmail.com,0,1,48:26.0
10,pbkdf2_sha256$260000$Md0idE4l9ivqt3zNlWyPZZ$ES/VpvKqx/S6As9wNHC4UvUgaAo6TQNh5e4jvMVG86g=,NULL,0,lblair,Blair,Rodriguez,lblair@gmail.com,0,1,48:26.0
13,pbkdf2_sha256$260000$Md0idE4l9ivqt3zNlWyPZZ$ES/VpvKqx/S6As9wNHC4UvUgaAo6TQNh5e4jvMVG86g=,NULL,0,lcampbe,Campbe,Anderson,lcampbe@gmail.com,0,1,48:26.0
14,pbkdf2_sha256$260000$Md0idE4l9ivqt3zNlWyPZZ$ES/VpvKqx/S6As9wNHC4UvUgaAo6TQNh5e4jvMVG86g=,NULL,0,lcampbel,Campbel,Taylor,lcampbel@gmail.com,0,1,48:26.0
28,pbkdf2_sha256$260000$Md0idE4l9ivqt3zNlWyPZZ$ES/VpvKqx/S6As9wNHC4UvUgaAo6TQNh5e4jvMVG86g=,NULL,0,ldonoho,Donoho,Robinson,ldonoho@gmail.com,0,1,48:26.0
363,pbkdf2_sha256$260000$Md0idE4l9ivqt3zNlWyPZZ$ES/VpvKqx/S6As9wNHC4UvUgaAo6TQNh5e4jvMVG86g=,NULL,0,leaf_harasin,Leaf,Harasin,leaf.harasin@gmail.com,0,1,48:26.0
321,pbkdf2_sha256$260000$Md0idE4l9ivqt3zNlWyPZZ$ES/VpvKqx/S6As9wNHC4UvUgaAo6TQNh5e4jvMVG86g=,NULL,0,leslie_reeves,Leslie,Reeves,leslie.reeves@gmail.com,0,1,48:26.0
36,pbkdf2_sha256$260000$Md0idE4l9ivqt3zNlWyPZZ$ES/VpvKqx/S6As9wNHC4UvUgaAo6TQNh5e4jvMVG86g=,NULL,0,lgang,Gang,King,lgang@gmail.com,0,1,48:26.0
159,pbkdf2_sha256$260000$Md0idE4l9ivqt3zNlWyPZZ$ES/VpvKqx/S6As9wNHC4UvUgaAo6TQNh5e4jvMVG86g=,NULL,0,lindyy,Lindyy,Palmer,lindy.donoho@gmail.com,0,1,48:26.0
160,pbkdf2_sha256$260000$Md0idE4l9ivqt3zNlWyPZZ$ES/VpvKqx/S6As9wNHC4UvUgaAo6TQNh5e4jvMVG86g=,NULL,0,lisa_gang,Lisa,Robertson,lisa.gang@gmail.com,0,1,48:26.0
172,pbkdf2_sha256$260000$Md0idE4l9ivqt3zNlWyPZZ$ES/VpvKqx/S6As9wNHC4UvUgaAo6TQNh5e4jvMVG86g=,NULL,0,liz_taylot,Liz,Taylor,liz.taylor@gmail.com,0,1,48:26.0
65,pbkdf2_sha256$260000$Md0idE4l9ivqt3zNlWyPZZ$ES/VpvKqx/S6As9wNHC4UvUgaAo6TQNh5e4jvMVG86g=,NULL,0,lkitchen,Kitchen,Cooper,lkitchen@gmail.com,0,1,48:26.0
79,pbkdf2_sha256$260000$Md0idE4l9ivqt3zNlWyPZZ$ES/VpvKqx/S6As9wNHC4UvUgaAo6TQNh5e4jvMVG86g=,NULL,0,lmay2,Mayy,Bennett,lmay2@gmail.com,0,1,48:26.0
170,pbkdf2_sha256$260000$Md0idE4l9ivqt3zNlWyPZZ$ES/VpvKqx/S6As9wNHC4UvUgaAo6TQNh5e4jvMVG86g=,NULL,0,louisee,Louisee,Rice,louise.kitchen@gmail.com,0,1,48:26.0
12,pbkdf2_sha256$260000$Md0idE4l9ivqt3zNlWyPZZ$ES/VpvKqx/S6As9wNHC4UvUgaAo6TQNh5e4jvMVG86g=,NULL,0,lusiluvyellpw,Lucy,Martinez,LusiYellow@gmail.com,0,1,48:26.0
162,pbkdf2_sha256$260000$Md0idE4l9ivqt3zNlWyPZZ$ES/VpvKqx/S6As9wNHC4UvUgaAo6TQNh5e4jvMVG86g=,NULL,0,lynn_blair,Lynn,Holmes,lynn.blair@gmail.com,0,1,48:26.0
180,pbkdf2_sha256$260000$Md0idE4l9ivqt3zNlWyPZZ$ES/VpvKqx/S6As9wNHC4UvUgaAo6TQNh5e4jvMVG86g=,NULL,0,forney,Forney,Weaver,m..forney@gmail.com,0,1,48:26.0
157,pbkdf2_sha256$260000$Md0idE4l9ivqt3zNlWyPZZ$ES/VpvKqx/S6As9wNHC4UvUgaAo6TQNh5e4jvMVG86g=,NULL,0,marie,Marie,Dixon,marie.heard@gmail.com,0,1,48:26.0
158,pbkdf2_sha256$260000$Md0idE4l9ivqt3zNlWyPZZ$ES/VpvKqx/S6As9wNHC4UvUgaAo6TQNh5e4jvMVG86g=,NULL,0,mark,Mark,Hunt,mark.e.taylor@gmail.com,0,1,48:26.0
269,pbkdf2_sha256$260000$Md0idE4l9ivqt3zNlWyPZZ$ES/VpvKqx/S6As9wNHC4UvUgaAo6TQNh5e4jvMVG86g=,NULL,0,mark_guzman,Mark,Guzman,mark.guzman@gmail.com,0,1,48:26.0
268,pbkdf2_sha256$260000$Md0idE4l9ivqt3zNlWyPZZ$ES/VpvKqx/S6As9wNHC4UvUgaAo6TQNh5e4jvMVG86g=,NULL,0,mark_mcconnell,Mark,Mcconnell,mark.mcconnell@gmail.com,0,1,48:26.0
362,pbkdf2_sha256$260000$Md0idE4l9ivqt3zNlWyPZZ$ES/VpvKqx/S6As9wNHC4UvUgaAo6TQNh5e4jvMVG86g=,NULL,0,mark_swift,Mark,Swift,mark.swift@gmail.com,0,1,48:26.0
293,pbkdf2_sha256$260000$Md0idE4l9ivqt3zNlWyPZZ$ES/VpvKqx/S6As9wNHC4UvUgaAo6TQNh5e4jvMVG86g=,NULL,0,mark_whitt,Mark,Whitt,mark.whitt@gmail.com,0,1,48:26.0
270,pbkdf2_sha256$260000$Md0idE4l9ivqt3zNlWyPZZ$ES/VpvKqx/S6As9wNHC4UvUgaAo6TQNh5e4jvMVG86g=,NULL,0,martin_cuilla,Martin,Cuilla,martin.cuilla@gmail.com,0,1,48:26.0
271,pbkdf2_sha256$260000$Md0idE4l9ivqt3zNlWyPZZ$ES/VpvKqx/S6As9wNHC4UvUgaAo6TQNh5e4jvMVG86g=,NULL,0,mary_fischer,Mary,Fischer,mary.fischer@gmail.com,0,1,48:26.0
272,pbkdf2_sha256$260000$Md0idE4l9ivqt3zNlWyPZZ$ES/VpvKqx/S6As9wNHC4UvUgaAo6TQNh5e4jvMVG86g=,NULL,0,mary_hain,Mary,Hain,mary.hain@gmail.com,0,1,48:26.0
317,pbkdf2_sha256$260000$Md0idE4l9ivqt3zNlWyPZZ$ES/VpvKqx/S6As9wNHC4UvUgaAo6TQNh5e4jvMVG86g=,NULL,0,mary_trosper,Mary,Trosper,mary.trosper@gmail.com,0,1,48:26.0
274,pbkdf2_sha256$260000$Md0idE4l9ivqt3zNlWyPZZ$ES/VpvKqx/S6As9wNHC4UvUgaAo6TQNh5e4jvMVG86g=,NULL,0,matt_motley,Matt,Motley,matt.motley@gmail.com,0,1,48:26.0
273,pbkdf2_sha256$260000$Md0idE4l9ivqt3zNlWyPZZ$ES/VpvKqx/S6As9wNHC4UvUgaAo6TQNh5e4jvMVG86g=,NULL,0,matt_smith,Matt,Smith,matt.smith@gmail.com,0,1,48:26.0
275,pbkdf2_sha256$260000$Md0idE4l9ivqt3zNlWyPZZ$ES/VpvKqx/S6As9wNHC4UvUgaAo6TQNh5e4jvMVG86g=,NULL,0,matthew_lenhart,Matthew,Lenhart,matthew.lenhart@gmail.com,0,1,48:26.0
15,pbkdf2_sha256$260000$Md0idE4l9ivqt3zNlWyPZZ$ES/VpvKqx/S6As9wNHC4UvUgaAo6TQNh5e4jvMVG86g=,NULL,0,mcarson2,Carsony,Thomas,mcarson2@gmail.com,0,1,48:26.0
16,pbkdf2_sha256$260000$Md0idE4l9ivqt3zNlWyPZZ$ES/VpvKqx/S6As9wNHC4UvUgaAo6TQNh5e4jvMVG86g=,NULL,0,mcash,Cash,Hernandez,mcash@gmail.com,0,1,48:26.0
17,pbkdf2_sha256$260000$Md0idE4l9ivqt3zNlWyPZZ$ES/VpvKqx/S6As9wNHC4UvUgaAo6TQNh5e4jvMVG86g=,NULL,0,mcaushol,Caushol,Moore,mcaushol@gmail.com,0,1,48:26.0
20,pbkdf2_sha256$260000$Md0idE4l9ivqt3zNlWyPZZ$ES/VpvKqx/S6As9wNHC4UvUgaAo6TQNh5e4jvMVG86g=,NULL,0,mcuilla,Cuilla,Thompson,mcuilla@gmail.com,0,1,48:26.0
33,pbkdf2_sha256$260000$Md0idE4l9ivqt3zNlWyPZZ$ES/VpvKqx/S6As9wNHC4UvUgaAo6TQNh5e4jvMVG86g=,NULL,0,mfischer,Fischer,Allen,mfischer@gmail.com,0,1,48:26.0
43,pbkdf2_sha256$260000$Md0idE4l9ivqt3zNlWyPZZ$ES/VpvKqx/S6As9wNHC4UvUgaAo6TQNh5e4jvMVG86g=,NULL,0,mgrigsb,Grigsb,Ramirez,mgrigsb@gmail.com,0,1,48:26.0
44,pbkdf2_sha256$260000$Md0idE4l9ivqt3zNlWyPZZ$ES/VpvKqx/S6As9wNHC4UvUgaAo6TQNh5e4jvMVG86g=,NULL,0,mguzman3,Guzmany,Campbell,mguzman3@gmail.com,0,1,48:26.0
45,pbkdf2_sha256$260000$Md0idE4l9ivqt3zNlWyPZZ$ES/VpvKqx/S6As9wNHC4UvUgaAo6TQNh5e4jvMVG86g=,NULL,0,mhaedic,Haedic,Mitchell,mhaedic@gmail.com,0,1,48:26.0
46,pbkdf2_sha256$260000$Md0idE4l9ivqt3zNlWyPZZ$ES/VpvKqx/S6As9wNHC4UvUgaAo6TQNh5e4jvMVG86g=,NULL,0,mhain,Hain,Roberts,mhain@gmail.com,0,1,48:26.0
49,pbkdf2_sha256$260000$Md0idE4l9ivqt3zNlWyPZZ$ES/VpvKqx/S6As9wNHC4UvUgaAo6TQNh5e4jvMVG86g=,NULL,0,mheard,Heard,Evans,mheard@gmail.com,0,1,48:26.0
394,pbkdf2_sha256$260000$Md0idE4l9ivqt3zNlWyPZZ$ES/VpvKqx/S6As9wNHC4UvUgaAo6TQNh5e4jvMVG86g=,NULL,0,michael_mattox,Michael,Mattox,michael.mattox@gmail.com,0,1,48:26.0
360,pbkdf2_sha256$260000$Md0idE4l9ivqt3zNlWyPZZ$ES/VpvKqx/S6As9wNHC4UvUgaAo6TQNh5e4jvMVG86g=,NULL,0,micheal_soya,Micheal,Soya,micheal.soya@gmail.com,0,1,48:26.0
352,pbkdf2_sha256$260000$Md0idE4l9ivqt3zNlWyPZZ$ES/VpvKqx/S6As9wNHC4UvUgaAo6TQNh5e4jvMVG86g=,NULL,0,michelle_bruce,Michelle,Bruce,michelle.bruce@gmail.com,0,1,48:26.0
276,pbkdf2_sha256$260000$Md0idE4l9ivqt3zNlWyPZZ$ES/VpvKqx/S6As9wNHC4UvUgaAo6TQNh5e4jvMVG86g=,NULL,0,michelle_cash,Michelle,Cash,michelle.cash@gmail.com,0,1,48:26.0
277,pbkdf2_sha256$260000$Md0idE4l9ivqt3zNlWyPZZ$ES/VpvKqx/S6As9wNHC4UvUgaAo6TQNh5e4jvMVG86g=,NULL,0,michelle_holland,Michelle,Holland,michelle.Holland@gmail.com,0,1,48:26.0
280,pbkdf2_sha256$260000$Md0idE4l9ivqt3zNlWyPZZ$ES/VpvKqx/S6As9wNHC4UvUgaAo6TQNh5e4jvMVG86g=,NULL,0,mike_carson,Mike,Carson,mike.carson@gmail.com,0,1,48:26.0
278,pbkdf2_sha256$260000$Md0idE4l9ivqt3zNlWyPZZ$ES/VpvKqx/S6As9wNHC4UvUgaAo6TQNh5e4jvMVG86g=,NULL,0,mike_grigsby,Mike,Grigsby,mike.grigsby@gmail.com,0,1,48:26.0
322,pbkdf2_sha256$260000$Md0idE4l9ivqt3zNlWyPZZ$ES/VpvKqx/S6As9wNHC4UvUgaAo6TQNh5e4jvMVG86g=,NULL,0,mike_jordan,Mike,Jordan,mike.jordan@gmail.com,0,1,48:26.0
279,pbkdf2_sha256$260000$Md0idE4l9ivqt3zNlWyPZZ$ES/VpvKqx/S6As9wNHC4UvUgaAo6TQNh5e4jvMVG86g=,NULL,0,mike_maggi,Mike,Maggi,mike.maggi@gmail.com,0,1,48:26.0
295,pbkdf2_sha256$260000$Md0idE4l9ivqt3zNlWyPZZ$ES/VpvKqx/S6As9wNHC4UvUgaAo6TQNh5e4jvMVG86g=,NULL,0,mike_swerzbin,Mike,Swerzbin,mike.swerzbin@gmail.com,0,1,48:26.0
370,pbkdf2_sha256$260000$Md0idE4l9ivqt3zNlWyPZZ$ES/VpvKqx/S6As9wNHC4UvUgaAo6TQNh5e4jvMVG86g=,NULL,0,milen_kurdov,Milen,Kurdov,milen.kurdov@gmail.com,0,1,48:26.0
69,pbkdf2_sha256$260000$Md0idE4l9ivqt3zNlWyPZZ$ES/VpvKqx/S6As9wNHC4UvUgaAo6TQNh5e4jvMVG86g=,NULL,0,mlenhar,Lenhar,Gomez,mlenhar@gmail.com,0,1,48:26.0
72,pbkdf2_sha256$260000$Md0idE4l9ivqt3zNlWyPZZ$ES/VpvKqx/S6As9wNHC4UvUgaAo6TQNh5e4jvMVG86g=,NULL,0,mlokay,Lokay,Ward,mlokay@gmail.com,0,1,48:26.0
76,pbkdf2_sha256$260000$Md0idE4l9ivqt3zNlWyPZZ$ES/VpvKqx/S6As9wNHC4UvUgaAo6TQNh5e4jvMVG86g=,NULL,0,mmaggi,Maggi,Wood,mmaggi@gmail.com,0,1,48:26.0
82,pbkdf2_sha256$260000$Md0idE4l9ivqt3zNlWyPZZ$ES/VpvKqx/S6As9wNHC4UvUgaAo6TQNh5e4jvMVG86g=,NULL,0,mmccon1,Mccony,Reyes,mmccon1@gmail.com,0,1,48:26.0
81,pbkdf2_sha256$260000$Md0idE4l9ivqt3zNlWyPZZ$ES/VpvKqx/S6As9wNHC4UvUgaAo6TQNh5e4jvMVG86g=,NULL,0,mmcconne,Mcconne,James,mmcconne@gmail.com,0,1,48:26.0
89,pbkdf2_sha256$260000$Md0idE4l9ivqt3zNlWyPZZ$ES/VpvKqx/S6As9wNHC4UvUgaAo6TQNh5e4jvMVG86g=,NULL,0,mmotley,Motley,Sanders,mmotley@gmail.com,0,1,48:26.0
296,pbkdf2_sha256$260000$Md0idE4l9ivqt3zNlWyPZZ$ES/VpvKqx/S6As9wNHC4UvUgaAo6TQNh5e4jvMVG86g=,NULL,0,monika_causholli,Monik,Causholli,monika.causholli@gmail.com,0,1,48:26.0
233,pbkdf2_sha256$260000$Md0idE4l9ivqt3zNlWyPZZ$ES/VpvKqx/S6As9wNHC4UvUgaAo6TQNh5e4jvMVG86g=,NULL,0,monique_sanchez,Monique,Sanchez,monique.sanchez@gmail.com,0,1,48:26.0
314,pbkdf2_sha256$260000$Md0idE4l9ivqt3zNlWyPZZ$ES/VpvKqx/S6As9wNHC4UvUgaAo6TQNh5e4jvMVG86g=,NULL,0,monisha_yeo,Monisha,Yeo,monisha.yeo@gmail.com,0,1,48:26.0
353,pbkdf2_sha256$260000$Md0idE4l9ivqt3zNlWyPZZ$ES/VpvKqx/S6As9wNHC4UvUgaAo6TQNh5e4jvMVG86g=,NULL,0,morela_hernandez,Morela,Hernandez,morela.hernandez@gmail.com,0,1,48:26.0
112,pbkdf2_sha256$260000$Md0idE4l9ivqt3zNlWyPZZ$ES/VpvKqx/S6As9wNHC4UvUgaAo6TQNh5e4jvMVG86g=,NULL,0,msanch2,Msanch,Alexander,msanch2@gmail.com,0,1,48:26.0
126,pbkdf2_sha256$260000$Md0idE4l9ivqt3zNlWyPZZ$ES/VpvKqx/S6As9wNHC4UvUgaAo6TQNh5e4jvMVG86g=,NULL,0,msmith18,Msmith18,Marshall,msmith18@gmail.com,0,1,48:26.0
133,pbkdf2_sha256$260000$Md0idE4l9ivqt3zNlWyPZZ$ES/VpvKqx/S6As9wNHC4UvUgaAo6TQNh5e4jvMVG86g=,NULL,0,mstokle,Mstokle,Alvarez,mstokle@gmail.com,0,1,48:26.0
136,pbkdf2_sha256$260000$Md0idE4l9ivqt3zNlWyPZZ$ES/VpvKqx/S6As9wNHC4UvUgaAo6TQNh5e4jvMVG86g=,NULL,0,mswerzb,Mswerzb,Castillo,mswerzb@gmail.com,0,1,48:26.0
138,pbkdf2_sha256$260000$Md0idE4l9ivqt3zNlWyPZZ$ES/VpvKqx/S6As9wNHC4UvUgaAo6TQNh5e4jvMVG86g=,NULL,0,mtaylo1,Mtaylo1,Webb,mtaylo1@gmail.com,0,1,48:26.0
139,pbkdf2_sha256$260000$Md0idE4l9ivqt3zNlWyPZZ$ES/VpvKqx/S6As9wNHC4UvUgaAo6TQNh5e4jvMVG86g=,NULL,0,mtaylor5,Mtaylor5,Washington,mtaylor5@gmail.com,0,1,48:26.0
149,pbkdf2_sha256$260000$Md0idE4l9ivqt3zNlWyPZZ$ES/VpvKqx/S6As9wNHC4UvUgaAo6TQNh5e4jvMVG86g=,NULL,0,mwhitt,Mwhitt,Porter,mwhitt@gmail.com,0,1,48:26.0
376,pbkdf2_sha256$260000$Md0idE4l9ivqt3zNlWyPZZ$ES/VpvKqx/S6As9wNHC4UvUgaAo6TQNh5e4jvMVG86g=,NULL,0,nathalie_jolie,Nathalie,Jolie,nathalie.jolie@gmail.com,0,1,48:26.0
395,pbkdf2_sha256$260000$Md0idE4l9ivqt3zNlWyPZZ$ES/VpvKqx/S6As9wNHC4UvUgaAo6TQNh5e4jvMVG86g=,NULL,0,norman_lee,Norman,Lee,norman.lee@gmail.com,0,1,48:26.0
315,pbkdf2_sha256$260000$Md0idE4l9ivqt3zNlWyPZZ$ES/VpvKqx/S6As9wNHC4UvUgaAo6TQNh5e4jvMVG86g=,NULL,0,nyree_chanaba,Nyree,Chanaba,nyree.chanaba@gmail.com,0,1,48:26.0
156,pbkdf2_sha256$260000$Md0idE4l9ivqt3zNlWyPZZ$ES/VpvKqx/S6As9wNHC4UvUgaAo6TQNh5e4jvMVG86g=,NULL,0,pallen,Pallen,Hicks,pallen@gmail.com,0,1,48:26.0
234,pbkdf2_sha256$260000$Md0idE4l9ivqt3zNlWyPZZ$ES/VpvKqx/S6As9wNHC4UvUgaAo6TQNh5e4jvMVG86g=,NULL,0,patrice.l.mims,Patrice,Mims,patrice.l.mims@gmail.com,0,1,48:26.0
237,pbkdf2_sha256$260000$Md0idE4l9ivqt3zNlWyPZZ$ES/VpvKqx/S6As9wNHC4UvUgaAo6TQNh5e4jvMVG86g=,NULL,0,paul.d.thomas,Paul,Thomas,paul.d.thomas@gmail.com,0,1,48:26.0
396,pbkdf2_sha256$260000$Md0idE4l9ivqt3zNlWyPZZ$ES/VpvKqx/S6As9wNHC4UvUgaAo6TQNh5e4jvMVG86g=,NULL,0,paul_lewis,Paul,Lewis,paul.lewis@gmail.com,0,1,48:26.0
235,pbkdf2_sha256$260000$Md0idE4l9ivqt3zNlWyPZZ$ES/VpvKqx/S6As9wNHC4UvUgaAo6TQNh5e4jvMVG86g=,NULL,0,paul_lucci,Paul,Lucci,paul.lucci@gmail.com,0,1,48:26.0
236,pbkdf2_sha256$260000$Md0idE4l9ivqt3zNlWyPZZ$ES/VpvKqx/S6As9wNHC4UvUgaAo6TQNh5e4jvMVG86g=,NULL,0,paul_y barbo,Paul,Barbo,paul.y barbo@gmail.com,0,1,48:26.0
238,pbkdf2_sha256$260000$Md0idE4l9ivqt3zNlWyPZZ$ES/VpvKqx/S6As9wNHC4UvUgaAo6TQNh5e4jvMVG86g=,NULL,0,peter_keavey,Peter,Keavey,peter.keavey@gmail.com,0,1,48:26.0
239,pbkdf2_sha256$260000$Md0idE4l9ivqt3zNlWyPZZ$ES/VpvKqx/S6As9wNHC4UvUgaAo6TQNh5e4jvMVG86g=,NULL,0,phillip.k.ellen,Phillip,Ellen,phillip.k.ellen@gmail.com,0,1,48:26.0
241,pbkdf2_sha256$260000$Md0idE4l9ivqt3zNlWyPZZ$ES/VpvKqx/S6As9wNHC4UvUgaAo6TQNh5e4jvMVG86g=,NULL,0,phillip.m.love,Phillip,Salazar,phillip.m.love@gmail.com,0,1,48:26.0
240,pbkdf2_sha256$260000$Md0idE4l9ivqt3zNlWyPZZ$ES/VpvKqx/S6As9wNHC4UvUgaAo6TQNh5e4jvMVG86g=,NULL,0,phillip_platter,Phillip,Platter,phillip.platter@gmail.com,0,1,48:26.0
62,pbkdf2_sha256$260000$Md0idE4l9ivqt3zNlWyPZZ$ES/VpvKqx/S6As9wNHC4UvUgaAo6TQNh5e4jvMVG86g=,NULL,0,pkeavey,Keavey,Rogers,pkeavey@gmail.com,0,1,48:26.0
74,pbkdf2_sha256$260000$Md0idE4l9ivqt3zNlWyPZZ$ES/VpvKqx/S6As9wNHC4UvUgaAo6TQNh5e4jvMVG86g=,NULL,0,plove,Love,Diaz,plove@gmail.com,0,1,48:26.0
75,pbkdf2_sha256$260000$Md0idE4l9ivqt3zNlWyPZZ$ES/VpvKqx/S6As9wNHC4UvUgaAo6TQNh5e4jvMVG86g=,NULL,0,plucci,Lucci,Richardson,plucci@gmail.com,0,1,48:26.0
88,pbkdf2_sha256$260000$Md0idE4l9ivqt3zNlWyPZZ$ES/VpvKqx/S6As9wNHC4UvUgaAo6TQNh5e4jvMVG86g=,NULL,0,pmims,Mims,Foster,pmims@gmail.com,0,1,48:26.0
97,pbkdf2_sha256$260000$Md0idE4l9ivqt3zNlWyPZZ$ES/VpvKqx/S6As9wNHC4UvUgaAo6TQNh5e4jvMVG86g=,NULL,0,pplatte,Platte,Gutierrez,pplatte@gmail.com,0,1,48:26.0
141,pbkdf2_sha256$260000$Md0idE4l9ivqt3zNlWyPZZ$ES/VpvKqx/S6As9wNHC4UvUgaAo6TQNh5e4jvMVG86g=,NULL,0,pthomas2,Pthomas2,Freeman,pthomas2@gmail.com,0,1,48:26.0
153,pbkdf2_sha256$260000$Md0idE4l9ivqt3zNlWyPZZ$ES/VpvKqx/S6As9wNHC4UvUgaAo6TQNh5e4jvMVG86g=,NULL,0,pybarbo,Pybarbo,Wagner,pybarbo@gmail.com,0,1,48:26.0
323,pbkdf2_sha256$260000$Md0idE4l9ivqt3zNlWyPZZ$ES/VpvKqx/S6As9wNHC4UvUgaAo6TQNh5e4jvMVG86g=,NULL,0,r_.brackett,R,.Brackett,r..brackett@gmail.com,0,1,48:26.0
381,pbkdf2_sha256$260000$Md0idE4l9ivqt3zNlWyPZZ$ES/VpvKqx/S6As9wNHC4UvUgaAo6TQNh5e4jvMVG86g=,NULL,0,ray_neppl,Ray,Neppl,ray.neppl@gmail.com,0,1,48:26.0
4,pbkdf2_sha256$260000$Md0idE4l9ivqt3zNlWyPZZ$ES/VpvKqx/S6As9wNHC4UvUgaAo6TQNh5e4jvMVG86g=,NULL,0,rbadeer,Badeer,Williams,rbadeer@gmail.com,0,1,48:26.0
9,pbkdf2_sha256$260000$Md0idE4l9ivqt3zNlWyPZZ$ES/VpvKqx/S6As9wNHC4UvUgaAo6TQNh5e4jvMVG86g=,NULL,0,rbenson,Benson,Garcia,rbenson@gmail.com,0,1,48:26.0
105,pbkdf2_sha256$260000$Md0idE4l9ivqt3zNlWyPZZ$ES/VpvKqx/S6As9wNHC4UvUgaAo6TQNh5e4jvMVG86g=,NULL,0,Reiley,Reiley,Patterson,reileyyPat@gmail.com,0,1,48:26.0
37,pbkdf2_sha256$260000$Md0idE4l9ivqt3zNlWyPZZ$ES/VpvKqx/S6As9wNHC4UvUgaAo6TQNh5e4jvMVG86g=,NULL,0,rgay,Gay,Scott,rgay123@gmail.com,0,1,48:26.0
48,pbkdf2_sha256$260000$Md0idE4l9ivqt3zNlWyPZZ$ES/VpvKqx/S6As9wNHC4UvUgaAo6TQNh5e4jvMVG86g=,NULL,0,rhaysle,Haysle,Phillips,rhaysle@gmail.com,0,1,48:26.0
244,pbkdf2_sha256$260000$Md0idE4l9ivqt3zNlWyPZZ$ES/VpvKqx/S6As9wNHC4UvUgaAo6TQNh5e4jvMVG86g=,NULL,0,richard.b.sanders,Richard,Sanders,richard.b.sanders@gmail.com,0,1,48:26.0
243,pbkdf2_sha256$260000$Md0idE4l9ivqt3zNlWyPZZ$ES/VpvKqx/S6As9wNHC4UvUgaAo6TQNh5e4jvMVG86g=,NULL,0,richard_ring,Richard,Mendez,richard.ring@gmail.com,0,1,48:26.0
245,pbkdf2_sha256$260000$Md0idE4l9ivqt3zNlWyPZZ$ES/VpvKqx/S6As9wNHC4UvUgaAo6TQNh5e4jvMVG86g=,NULL,0,richard_shapiro,Richard,Shapiro,richard.shapiro@gmail.com,0,1,48:26.0
246,pbkdf2_sha256$260000$Md0idE4l9ivqt3zNlWyPZZ$ES/VpvKqx/S6As9wNHC4UvUgaAo6TQNh5e4jvMVG86g=,NULL,0,rick_w,Rick,Williamson,rick.buy@gmail.com,0,1,48:26.0
371,pbkdf2_sha256$260000$Md0idE4l9ivqt3zNlWyPZZ$ES/VpvKqx/S6As9wNHC4UvUgaAo6TQNh5e4jvMVG86g=,NULL,0,rishi_mehta,Rishi,Mehta,rishi.mehta@gmail.com,0,1,48:26.0
247,pbkdf2_sha256$260000$Md0idE4l9ivqt3zNlWyPZZ$ES/VpvKqx/S6As9wNHC4UvUgaAo6TQNh5e4jvMVG86g=,NULL,0,robert_badeer,Robert,Badeer,robert.badeer@gmail.com,0,1,48:26.0
248,pbkdf2_sha256$260000$Md0idE4l9ivqt3zNlWyPZZ$ES/VpvKqx/S6As9wNHC4UvUgaAo6TQNh5e4jvMVG86g=,NULL,0,robert_benson,Robert,Benson,robert.benson@gmail.com,0,1,48:26.0
382,pbkdf2_sha256$260000$Md0idE4l9ivqt3zNlWyPZZ$ES/VpvKqx/S6As9wNHC4UvUgaAo6TQNh5e4jvMVG86g=,NULL,0,robert_johnson,Robert,Johnson,robert.johnson@gmail.com,0,1,48:26.0
249,pbkdf2_sha256$260000$Md0idE4l9ivqt3zNlWyPZZ$ES/VpvKqx/S6As9wNHC4UvUgaAo6TQNh5e4jvMVG86g=,NULL,0,robin_rodrigue,Robin,Rodrigue,robin.rodrigue@gmail.com,0,1,48:26.0
250,pbkdf2_sha256$260000$Md0idE4l9ivqt3zNlWyPZZ$ES/VpvKqx/S6As9wNHC4UvUgaAo6TQNh5e4jvMVG86g=,NULL,0,rod_hayslett,Rod,Hayslett,rod.hayslett@gmail.com,0,1,48:26.0
106,pbkdf2_sha256$260000$Md0idE4l9ivqt3zNlWyPZZ$ES/VpvKqx/S6As9wNHC4UvUgaAo6TQNh5e4jvMVG86g=,NULL,0,rrodri2,Rrodri,Jordan,rrodri2@gmail.com,0,1,48:26.0
113,pbkdf2_sha256$260000$Md0idE4l9ivqt3zNlWyPZZ$ES/VpvKqx/S6As9wNHC4UvUgaAo6TQNh5e4jvMVG86g=,NULL,0,rsander,Rsander,Ramos,rsander@gmail.com,0,1,48:26.0
122,pbkdf2_sha256$260000$Md0idE4l9ivqt3zNlWyPZZ$ES/VpvKqx/S6As9wNHC4UvUgaAo6TQNh5e4jvMVG86g=,NULL,0,rshapiro,Rshapiro,Ellis,rshapiro@gmail.com,0,1,48:26.0
125,pbkdf2_sha256$260000$Md0idE4l9ivqt3zNlWyPZZ$ES/VpvKqx/S6As9wNHC4UvUgaAo6TQNh5e4jvMVG86g=,NULL,0,rslinger,Rslinger,Ford,rslinger@gmail.com,0,1,48:26.0
251,pbkdf2_sha256$260000$Md0idE4l9ivqt3zNlWyPZZ$ES/VpvKqx/S6As9wNHC4UvUgaAo6TQNh5e4jvMVG86g=,NULL,0,ryan_slinger,Ryan,Slinger,ryan.slinger@gmail.com,0,1,48:26.0
310,pbkdf2_sha256$260000$Md0idE4l9ivqt3zNlWyPZZ$ES/VpvKqx/S6As9wNHC4UvUgaAo6TQNh5e4jvMVG86g=,NULL,0,s_.shively,S,.Shively,s..shively@gmail.com,0,1,48:26.0
297,pbkdf2_sha256$260000$Md0idE4l9ivqt3zNlWyPZZ$ES/VpvKqx/S6As9wNHC4UvUgaAo6TQNh5e4jvMVG86g=,NULL,0,sally_beck,Sally,Beck,sally.beck@gmail.com,0,1,48:26.0
298,pbkdf2_sha256$260000$Md0idE4l9ivqt3zNlWyPZZ$ES/VpvKqx/S6As9wNHC4UvUgaAo6TQNh5e4jvMVG86g=,NULL,0,sandra.f.brawner,Sandra,Brawner,sandra.f.brawner@gmail.com,0,1,48:26.0
335,pbkdf2_sha256$260000$Md0idE4l9ivqt3zNlWyPZZ$ES/VpvKqx/S6As9wNHC4UvUgaAo6TQNh5e4jvMVG86g=,NULL,0,sanjeev_khanna,Sanjeev,Khanna,sanjeev.khanna@gmail.com,0,1,48:26.0
302,pbkdf2_sha256$260000$Md0idE4l9ivqt3zNlWyPZZ$ES/VpvKqx/S6As9wNHC4UvUgaAo6TQNh5e4jvMVG86g=,NULL,0,sara,Sara,Shackleton,sara.shackleton@gmail.com,0,1,48:26.0
5,pbkdf2_sha256$260000$Md0idE4l9ivqt3zNlWyPZZ$ES/VpvKqx/S6As9wNHC4UvUgaAo6TQNh5e4jvMVG86g=,NULL,0,sbaile2,Bailey,Brown,sbaile2@gmail.com,0,1,48:26.0
8,pbkdf2_sha256$260000$Md0idE4l9ivqt3zNlWyPZZ$ES/VpvKqx/S6As9wNHC4UvUgaAo6TQNh5e4jvMVG86g=,NULL,0,sbeck,Beck,Davis,sbeck@gmail.com,0,1,48:26.0
11,pbkdf2_sha256$260000$Md0idE4l9ivqt3zNlWyPZZ$ES/VpvKqx/S6As9wNHC4UvUgaAo6TQNh5e4jvMVG86g=,NULL,0,sbrawne,Brawne,Wilson,sbrawne@gmail.com,0,1,48:26.0
18,pbkdf2_sha256$260000$Md0idE4l9ivqt3zNlWyPZZ$ES/VpvKqx/S6As9wNHC4UvUgaAo6TQNh5e4jvMVG86g=,NULL,0,scorman,Corman,Martin,scorman@gmail.com,0,1,48:26.0
303,pbkdf2_sha256$260000$Md0idE4l9ivqt3zNlWyPZZ$ES/VpvKqx/S6As9wNHC4UvUgaAo6TQNh5e4jvMVG86g=,NULL,0,scott_h,Scott,Hendrickson,scott.hendrickson@gmail.com,0,1,48:26.0
304,pbkdf2_sha256$260000$Md0idE4l9ivqt3zNlWyPZZ$ES/VpvKqx/S6As9wNHC4UvUgaAo6TQNh5e4jvMVG86g=,NULL,0,scott_neal,Scott,Neal,scott.neal@gmail.com,0,1,48:26.0
19,pbkdf2_sha256$260000$Md0idE4l9ivqt3zNlWyPZZ$ES/VpvKqx/S6As9wNHC4UvUgaAo6TQNh5e4jvMVG86g=,NULL,0,scranda,Cranda,Jackson,scranda@gmail.com,0,1,48:26.0
27,pbkdf2_sha256$260000$Md0idE4l9ivqt3zNlWyPZZ$ES/VpvKqx/S6As9wNHC4UvUgaAo6TQNh5e4jvMVG86g=,NULL,0,sdickso,Dickso,Lewis,sdickso@gmail.com,0,1,48:26.0
305,pbkdf2_sha256$260000$Md0idE4l9ivqt3zNlWyPZZ$ES/VpvKqx/S6As9wNHC4UvUgaAo6TQNh5e4jvMVG86g=,NULL,0,sean,Sean,Crandall,sean.crandall@gmail.com,0,1,48:26.0
47,pbkdf2_sha256$260000$Md0idE4l9ivqt3zNlWyPZZ$ES/VpvKqx/S6As9wNHC4UvUgaAo6TQNh5e4jvMVG86g=,NULL,0,sharris1,Harrisy,Carter,sharris1@gmail.com,0,1,48:26.0
372,pbkdf2_sha256$260000$Md0idE4l9ivqt3zNlWyPZZ$ES/VpvKqx/S6As9wNHC4UvUgaAo6TQNh5e4jvMVG86g=,NULL,0,sheila_wang,Sheila,Wang,sheila.wang@gmail.com,0,1,48:26.0
306,pbkdf2_sha256$260000$Md0idE4l9ivqt3zNlWyPZZ$ES/VpvKqx/S6As9wNHC4UvUgaAo6TQNh5e4jvMVG86g=,NULL,0,shelley,Shelley,Corman,shelley.corman@gmail.com,0,1,48:26.0
50,pbkdf2_sha256$260000$Md0idE4l9ivqt3zNlWyPZZ$ES/VpvKqx/S6As9wNHC4UvUgaAo6TQNh5e4jvMVG86g=,NULL,0,shendri,Hendri,Turner,shendri@gmail.com,0,1,48:26.0
324,pbkdf2_sha256$260000$Md0idE4l9ivqt3zNlWyPZZ$ES/VpvKqx/S6As9wNHC4UvUgaAo6TQNh5e4jvMVG86g=,NULL,0,shona_wilson,Shona,Wilson,shona.wilson@gmail.com,0,1,48:26.0
56,pbkdf2_sha256$260000$Md0idE4l9ivqt3zNlWyPZZ$ES/VpvKqx/S6As9wNHC4UvUgaAo6TQNh5e4jvMVG86g=,NULL,0,shorton,Horton,Flores,shorton@gmail.com,0,1,48:26.0
357,pbkdf2_sha256$260000$Md0idE4l9ivqt3zNlWyPZZ$ES/VpvKqx/S6As9wNHC4UvUgaAo6TQNh5e4jvMVG86g=,NULL,0,simon_beck,Simon,Beck,simon.beck@gmail.com,0,1,48:26.0
397,pbkdf2_sha256$260000$Md0idE4l9ivqt3zNlWyPZZ$ES/VpvKqx/S6As9wNHC4UvUgaAo6TQNh5e4jvMVG86g=,NULL,0,sivakumar_govindasamy,Sivakumar,Govindasamy,sivakumar.govindasamy@gmail.com,0,1,48:26.0
61,pbkdf2_sha256$260000$Md0idE4l9ivqt3zNlWyPZZ$ES/VpvKqx/S6As9wNHC4UvUgaAo6TQNh5e4jvMVG86g=,NULL,0,skean,Kean,Cook,skean@gmail.com,0,1,48:26.0
86,pbkdf2_sha256$260000$Md0idE4l9ivqt3zNlWyPZZ$ES/VpvKqx/S6As9wNHC4UvUgaAo6TQNh5e4jvMVG86g=,NULL,0,smerris,Merris,Myers,smerris@gmail.com,0,1,48:26.0
90,pbkdf2_sha256$260000$Md0idE4l9ivqt3zNlWyPZZ$ES/VpvKqx/S6As9wNHC4UvUgaAo6TQNh5e4jvMVG86g=,NULL,0,sneal,Neal,Ross,sneal@gmail.com,0,1,48:26.0
92,pbkdf2_sha256$260000$Md0idE4l9ivqt3zNlWyPZZ$ES/VpvKqx/S6As9wNHC4UvUgaAo6TQNh5e4jvMVG86g=,NULL,0,spanus,Panus,Powell,spanus@gmail.com,0,1,48:26.0
94,pbkdf2_sha256$260000$Md0idE4l9ivqt3zNlWyPZZ$ES/VpvKqx/S6As9wNHC4UvUgaAo6TQNh5e4jvMVG86g=,NULL,0,spereir,Pereir,Russell,spereir@gmail.com,0,1,48:26.0
118,pbkdf2_sha256$260000$Md0idE4l9ivqt3zNlWyPZZ$ES/VpvKqx/S6As9wNHC4UvUgaAo6TQNh5e4jvMVG86g=,NULL,0,sscott5,Sscott,Hayes,sscott5@gmail.com,0,1,48:26.0
117,pbkdf2_sha256$260000$Md0idE4l9ivqt3zNlWyPZZ$ES/VpvKqx/S6As9wNHC4UvUgaAo6TQNh5e4jvMVG86g=,NULL,0,sscotter3,Scotter,Cole,sscotter3@gmail.com,0,1,48:26.0
120,pbkdf2_sha256$260000$Md0idE4l9ivqt3zNlWyPZZ$ES/VpvKqx/S6As9wNHC4UvUgaAo6TQNh5e4jvMVG86g=,NULL,0,sshackl,Sshackl,Gibson,sshackl@gmail.com,0,1,48:26.0
128,pbkdf2_sha256$260000$Md0idE4l9ivqt3zNlWyPZZ$ES/VpvKqx/S6As9wNHC4UvUgaAo6TQNh5e4jvMVG86g=,NULL,0,ssouth,Ssouth,Mcdonald,ssouth@gmail.com,0,1,48:26.0
188,pbkdf2_sha256$260000$Md0idE4l9ivqt3zNlWyPZZ$ES/VpvKqx/S6As9wNHC4UvUgaAo6TQNh5e4jvMVG86g=,NULL,0,staceywhite,Stacey,Arnold,stacey.w.white@gmail.com,0,1,48:26.0
189,pbkdf2_sha256$260000$Md0idE4l9ivqt3zNlWyPZZ$ES/VpvKqx/S6As9wNHC4UvUgaAo6TQNh5e4jvMVG86g=,NULL,0,stacy,Stacy,Dickson,stacy.dickson@gmail.com,0,1,48:26.0
190,pbkdf2_sha256$260000$Md0idE4l9ivqt3zNlWyPZZ$ES/VpvKqx/S6As9wNHC4UvUgaAo6TQNh5e4jvMVG86g=,NULL,0,stanley,Stanley,Horton,stanley.horton@gmail.com,0,1,48:26.0
309,pbkdf2_sha256$260000$Md0idE4l9ivqt3zNlWyPZZ$ES/VpvKqx/S6As9wNHC4UvUgaAo6TQNh5e4jvMVG86g=,NULL,0,stephanie_miller,Stephanie,Miller,stephanie.miller@gmail.com,0,1,48:26.0
191,pbkdf2_sha256$260000$Md0idE4l9ivqt3zNlWyPZZ$ES/VpvKqx/S6As9wNHC4UvUgaAo6TQNh5e4jvMVG86g=,NULL,0,stephanie,Stephanie,Panus,stephanie.panus@gmail.com,0,1,48:26.0
193,pbkdf2_sha256$260000$Md0idE4l9ivqt3zNlWyPZZ$ES/VpvKqx/S6As9wNHC4UvUgaAo6TQNh5e4jvMVG86g=,NULL,0,steven_harris,Steven,Harris,steven.harris@gmail.com,0,1,48:26.0
192,pbkdf2_sha256$260000$Md0idE4l9ivqt3zNlWyPZZ$ES/VpvKqx/S6As9wNHC4UvUgaAo6TQNh5e4jvMVG86g=,NULL,0,steven_j,Steven,Kean,steven.j.kean@gmail.com,0,1,48:26.0
385,pbkdf2_sha256$260000$Md0idE4l9ivqt3zNlWyPZZ$ES/VpvKqx/S6As9wNHC4UvUgaAo6TQNh5e4jvMVG86g=,NULL,0,steven_january,Steven,January,steven.january@gmail.com,0,1,48:26.0
194,pbkdf2_sha256$260000$Md0idE4l9ivqt3zNlWyPZZ$ES/VpvKqx/S6As9wNHC4UvUgaAo6TQNh5e4jvMVG86g=,NULL,0,steven_merris,Steven,Merris,steven.merris@gmail.com,0,1,48:26.0
195,pbkdf2_sha256$260000$Md0idE4l9ivqt3zNlWyPZZ$ES/VpvKqx/S6As9wNHC4UvUgaAo6TQNh5e4jvMVG86g=,NULL,0,steven_p,Steven,South,steven.p.south@gmail.com,0,1,48:26.0
198,pbkdf2_sha256$260000$Md0idE4l9ivqt3zNlWyPZZ$ES/VpvKqx/S6As9wNHC4UvUgaAo6TQNh5e4jvMVG86g=,NULL,0,susan_bailey,Susan Bailey,Elliott,susan.bailey@gmail.com,0,1,48:26.0
197,pbkdf2_sha256$260000$Md0idE4l9ivqt3zNlWyPZZ$ES/VpvKqx/S6As9wNHC4UvUgaAo6TQNh5e4jvMVG86g=,NULL,0,susan_scott,Susan,Scott,susan.scott@gmail.com,0,1,48:26.0
196,pbkdf2_sha256$260000$Md0idE4l9ivqt3zNlWyPZZ$ES/VpvKqx/S6As9wNHC4UvUgaAo6TQNh5e4jvMVG86g=,NULL,0,susan_w,Susan,Pereira,susan.w.pereira@gmail.com,0,1,48:26.0
148,pbkdf2_sha256$260000$Md0idE4l9ivqt3zNlWyPZZ$ES/VpvKqx/S6As9wNHC4UvUgaAo6TQNh5e4jvMVG86g=,NULL,0,swhite,Swhite,Jimenez,swhite@gmail.com,0,1,48:26.0
199,pbkdf2_sha256$260000$Md0idE4l9ivqt3zNlWyPZZ$ES/VpvKqx/S6As9wNHC4UvUgaAo6TQNh5e4jvMVG86g=,NULL,0,tana,Tana,Jones,tana.jones@gmail.com,0,1,48:26.0
29,pbkdf2_sha256$260000$Md0idE4l9ivqt3zNlWyPZZ$ES/VpvKqx/S6As9wNHC4UvUgaAo6TQNh5e4jvMVG86g=,NULL,0,tdonoho,Donoho,Walker,tdonoho@gmail.com,0,1,48:26.0
200,pbkdf2_sha256$260000$Md0idE4l9ivqt3zNlWyPZZ$ES/VpvKqx/S6As9wNHC4UvUgaAo6TQNh5e4jvMVG86g=,NULL,0,teb,Teb,Lokey,teb.lokey@gmail.com,0,1,48:26.0
383,pbkdf2_sha256$260000$Md0idE4l9ivqt3zNlWyPZZ$ES/VpvKqx/S6As9wNHC4UvUgaAo6TQNh5e4jvMVG86g=,NULL,0,ted_willimon,Ted,Willimon,ted.willimon@gmail.com,0,1,48:26.0
354,pbkdf2_sha256$260000$Md0idE4l9ivqt3zNlWyPZZ$ES/VpvKqx/S6As9wNHC4UvUgaAo6TQNh5e4jvMVG86g=,NULL,0,teresa_aguilera-peon,Teresa,Aguilera-Peon,teresa.aguilera-peon@gmail.com,0,1,48:26.0
38,pbkdf2_sha256$260000$Md0idE4l9ivqt3zNlWyPZZ$ES/VpvKqx/S6As9wNHC4UvUgaAo6TQNh5e4jvMVG86g=,NULL,0,tgeacco,Geacco,Green,tgeacco@gmail.com,0,1,48:26.0
201,pbkdf2_sha256$260000$Md0idE4l9ivqt3zNlWyPZZ$ES/VpvKqx/S6As9wNHC4UvUgaAo6TQNh5e4jvMVG86g=,NULL,0,theresa,Theresa,Staab,theresa.staab@gmail.com,0,1,48:26.0
181,pbkdf2_sha256$260000$Md0idE4l9ivqt3zNlWyPZZ$ES/VpvKqx/S6As9wNHC4UvUgaAo6TQNh5e4jvMVG86g=,NULL,0,thomas_a,Thomas,Martin,thomas.a.martin@gmail.com,0,1,48:26.0
398,pbkdf2_sha256$260000$Md0idE4l9ivqt3zNlWyPZZ$ES/VpvKqx/S6As9wNHC4UvUgaAo6TQNh5e4jvMVG86g=,NULL,0,tim_carter,Tim,Carter,tim.carter@gmail.com,0,1,48:26.0
361,pbkdf2_sha256$260000$Md0idE4l9ivqt3zNlWyPZZ$ES/VpvKqx/S6As9wNHC4UvUgaAo6TQNh5e4jvMVG86g=,NULL,0,tim_kissner,Tim,Kissner,tim.kissner@gmail.com,0,1,48:26.0
59,pbkdf2_sha256$260000$Md0idE4l9ivqt3zNlWyPZZ$ES/VpvKqx/S6As9wNHC4UvUgaAo6TQNh5e4jvMVG86g=,NULL,0,tjones,Jones,Murphy,tjones@gmail.com,0,1,48:26.0
66,pbkdf2_sha256$260000$Md0idE4l9ivqt3zNlWyPZZ$ES/VpvKqx/S6As9wNHC4UvUgaAo6TQNh5e4jvMVG86g=,NULL,0,tkuyken,Kuyken,Reed,tkuyken@gmail.com,0,1,48:26.0
73,pbkdf2_sha256$260000$Md0idE4l9ivqt3zNlWyPZZ$ES/VpvKqx/S6As9wNHC4UvUgaAo6TQNh5e4jvMVG86g=,NULL,0,tlokey,Lokey,Cox,tlokey@gmail.com,0,1,48:26.0
78,pbkdf2_sha256$260000$Md0idE4l9ivqt3zNlWyPZZ$ES/VpvKqx/S6As9wNHC4UvUgaAo6TQNh5e4jvMVG86g=,NULL,0,tmartin,Martin,Brooks,tmartin@gmail.com,0,1,48:26.0
325,pbkdf2_sha256$260000$Md0idE4l9ivqt3zNlWyPZZ$ES/VpvKqx/S6As9wNHC4UvUgaAo6TQNh5e4jvMVG86g=,NULL,0,todd_hall,Todd,Hall,todd.hall@gmail.com,0,1,48:26.0
355,pbkdf2_sha256$260000$Md0idE4l9ivqt3zNlWyPZZ$ES/VpvKqx/S6As9wNHC4UvUgaAo6TQNh5e4jvMVG86g=,NULL,0,tom_bruce-jones,Tom,Bruce-Jones,tom.bruce-jones@gmail.com,0,1,48:26.0
399,pbkdf2_sha256$260000$Md0idE4l9ivqt3zNlWyPZZ$ES/VpvKqx/S6As9wNHC4UvUgaAo6TQNh5e4jvMVG86g=,NULL,0,tom_chapman,Tom,Chapman,tom.chapman@gmail.com,0,1,48:26.0
182,pbkdf2_sha256$260000$Md0idE4l9ivqt3zNlWyPZZ$ES/VpvKqx/S6As9wNHC4UvUgaAo6TQNh5e4jvMVG86g=,NULL,0,tom_donohoe,Tom,Donohoe,tom.donohoe@gmail.com,0,1,48:26.0
183,pbkdf2_sha256$260000$Md0idE4l9ivqt3zNlWyPZZ$ES/VpvKqx/S6As9wNHC4UvUgaAo6TQNh5e4jvMVG86g=,NULL,0,tori_k,Tori,Kuykendall,tori.kuykendall@gmail.com,0,1,48:26.0
184,pbkdf2_sha256$260000$Md0idE4l9ivqt3zNlWyPZZ$ES/VpvKqx/S6As9wNHC4UvUgaAo6TQNh5e4jvMVG86g=,NULL,0,tracy_g,Tracy,Geaccone,tracy.geaccone@gmail.com,0,1,48:26.0
129,pbkdf2_sha256$260000$Md0idE4l9ivqt3zNlWyPZZ$ES/VpvKqx/S6As9wNHC4UvUgaAo6TQNh5e4jvMVG86g=,NULL,0,tstaab,Tstaab,Harrison,tstaab@gmail.com,0,1,48:26.0
364,pbkdf2_sha256$260000$Md0idE4l9ivqt3zNlWyPZZ$ES/VpvKqx/S6As9wNHC4UvUgaAo6TQNh5e4jvMVG86g=,NULL,0,vasant_shanbhogue,Vasant,Shanbhogue,vasant.shanbhogue@gmail.com,0,1,48:26.0
301,pbkdf2_sha256$260000$Md0idE4l9ivqt3zNlWyPZZ$ES/VpvKqx/S6As9wNHC4UvUgaAo6TQNh5e4jvMVG86g=,NULL,0,verolidi,Verolidi,Barnett,verolidi@gmail.com,0,1,48:26.0
336,pbkdf2_sha256$260000$Md0idE4l9ivqt3zNlWyPZZ$ES/VpvKqx/S6As9wNHC4UvUgaAo6TQNh5e4jvMVG86g=,NULL,0,vivek_kumar,Vivek,Kumar,vivek.kumar@gmail.com,0,1,48:26.0
60,pbkdf2_sha256$260000$Md0idE4l9ivqt3zNlWyPZZ$ES/VpvKqx/S6As9wNHC4UvUgaAo6TQNh5e4jvMVG86g=,NULL,0,vkamins,Kamins,Rivera,vkamins@gmail.com,0,1,48:26.0
300,pbkdf2_sha256$260000$Md0idE4l9ivqt3zNlWyPZZ$ES/VpvKqx/S6As9wNHC4UvUgaAo6TQNh5e4jvMVG86g=,NULL,0,vladi_pimenov,Vladi,Pimenov,vladi.pimenov@gmail.com,0,1,48:26.0
96,pbkdf2_sha256$260000$Md0idE4l9ivqt3zNlWyPZZ$ES/VpvKqx/S6As9wNHC4UvUgaAo6TQNh5e4jvMVG86g=,NULL,0,vpimenov,Pimenov,Jenkins,vpimenov@gmail.com,0,1,48:26.0
146,pbkdf2_sha256$260000$Md0idE4l9ivqt3zNlWyPZZ$ES/VpvKqx/S6As9wNHC4UvUgaAo6TQNh5e4jvMVG86g=,NULL,0,vweldon,Vweldon,Simpson,vweldon@gmail.com,0,1,48:26.0
374,pbkdf2_sha256$260000$Md0idE4l9ivqt3zNlWyPZZ$ES/VpvKqx/S6As9wNHC4UvUgaAo6TQNh5e4jvMVG86g=,NULL,0,warrick_franklin,Warrick,Franklin,warrick.franklin@gmail.com,0,1,48:26.0
400,pbkdf2_sha256$260000$Md0idE4l9ivqt3zNlWyPZZ$ES/VpvKqx/S6As9wNHC4UvUgaAo6TQNh5e4jvMVG86g=,NULL,0,wayne_vinson,Wayne,Vinson,wayne.vinson@gmail.com,0,1,48:26.0
326,pbkdf2_sha256$260000$Md0idE4l9ivqt3zNlWyPZZ$ES/VpvKqx/S6As9wNHC4UvUgaAo6TQNh5e4jvMVG86g=,NULL,0,whitney_white,Whitney,White,whitney.white@gmail.com,0,1,48:26.0
365,pbkdf2_sha256$260000$Md0idE4l9ivqt3zNlWyPZZ$ES/VpvKqx/S6As9wNHC4UvUgaAo6TQNh5e4jvMVG86g=,NULL,0,william_smith,William,Smith,william.smith@gmail.com,0,1,48:26.0
373,pbkdf2_sha256$260000$Md0idE4l9ivqt3zNlWyPZZ$ES/VpvKqx/S6As9wNHC4UvUgaAo6TQNh5e4jvMVG86g=,NULL,0,yan_wang,Yan,Wang,yan.wang@gmail.com,0,1,48:26.0
401,pbkdf2_sha256$260000$Md0idE4l9ivqt3zNlWyPZZ$ES/VpvKqx/S6As9wNHC4UvUgaAo6TQNh5e4jvMVG86g=,NULL,0,zhiyun_yang,Zhiyun,Yang,zhiyun.yang@gmail.com,0,1,48:26.0
