1,Accent Storage Cabinets,,
2,Accent Storage Drawers,,
3,Accent Table Sets,,
4,Accent Tables,,
5,Accent Trunks,,
6,Bath Furniture Cabinets,,
7,Bedroom Armoires,,
8,Bedroom Dressers,,
9,Bedroom Nightstands,,
10,Bedroom Sets,,
11,Beds,,
12,Benches,,
13,Coffee Tables,,
14,Counter And Bar Stools,,
15,Dining Casegoods,,
16,Dining Chairs,,
17,Dining Table Sets,,
18,Dining Tables,,
19,Dresser Mirrors,,
20,Entryway Furniture,,
21,Headboards,,
22,Kids Bedroom Set,,
23,Kids Beds Headboards,,
24,Kids Bookcase,,
25,Kids Desk,,
26,Kids Dresser,,
27,Kids Nightstand,,
28,Kids Ottoman,,
29,Kids Table Sets,,
30,Loft And Bunk Beds,,
31,Mattresses,,
32,Mirrors,,
33,Office Cabinets,,
34,Office Furniture sets,,
35,Office Tables,,
36,Ottomans,,
37,Privacy Screens,,
38,Seating Sets,,
39,Shelving And Bookcase,,
40,Sofas,,
41,Task And Office Chairs,,
42,TV And Media Storage,,
43,Vanity Tables,,
44,Wall Mirrors,,
45,Kid Chairs,,
46,Accent Chairs,,
47,Console Tables,,
48,Gaming Chairs,,
,,,
,,,
,,,
,,,
77381250,SPAGNUOLO,seating and tables|table sets|accent table sets,1850
